dateAchat;numSIREN;nomFleur;nbrFleurs;prixAchatUnitaire
17/12/2020;275381649;Hortensia;6;2.82
17/12/2020;672849135;Paquerette;4;0.49
17/12/2020;503827451;Tiare;1;2.57
18/12/2020;651982473;Chrysantheme;22;0.46
18/12/2020;672849135;Marguerite;1;0.85
18/12/2020;269481735;Violette;7;0.25
18/12/2020;503827451;Coquelicot;1;0.43
18/12/2020;842619375;Magnolia;9;2.04
18/12/2020;842619375;Pensee;1;0.28
18/12/2020;269481735;Tournesol;1;0.67
18/12/2020;503827451;Pivoine;1;0.97
18/12/2020;651982473;Mimosa;11;1.01
18/12/2020;346198275;Rose;2;0.77
10/12/2020;672849135;Pivoine;17;0.39
10/12/2020;503827451;Tulipe;3;0.37
10/12/2020;672849135;Narcisse;17;1.2
10/12/2020;503827451;Tiare;3;1.49
10/12/2020;651982473;Tournesol;3;0.2
10/12/2020;482519367;Crocus;4;0.39
10/12/2020;346198275;Marguerite;3;0.24
10/12/2020;672849135;Mimosa;12;2.02
10/12/2020;651982473;Anemone;2;0.25
10/12/2020;275381649;Pensee;1;0.45
10/12/2020;269481735;Oeillet;2;0.15
10/12/2020;346198275;Lys;4;1.27
10/12/2020;842619375;Hortensia;13;3.98
10/12/2020;275381649;Paquerette;4;0.45
10/12/2020;269481735;Coquelicot;2;0.26
10/12/2020;651982473;Chrysantheme;1;0.38
22/12/2020;503827451;Tiare;5;1.73
22/12/2020;269481735;Lys;6;0.87
22/12/2020;275381649;Oeillet;1;0.68
22/12/2020;482519367;Narcisse;9;0.2
22/12/2020;275381649;Hortensia;1;2.24
22/12/2020;346198275;Marguerite;14;0.67
22/12/2020;842619375;Mimosa;2;2.1
22/12/2020;269481735;Crocus;5;0.42
22/12/2020;672849135;Paquerette;5;0.14
29/12/2020;672849135;Narcisse;10;0.23
29/12/2020;275381649;Glaieul;9;0.66
29/12/2020;269481735;Rose;2;0.63
29/12/2020;346198275;Marguerite;27;0.96
29/12/2020;269481735;Pivoine;6;0.82
29/12/2020;346198275;Tiare;5;1.18
29/12/2020;482519367;Paquerette;22;0.18
29/12/2020;269481735;Hortensia;1;2.62
29/12/2020;269481735;Magnolia;2;0.57
29/12/2020;503827451;Tournesol;7;0.41
29/12/2020;482519367;Crocus;20;0.29
29/12/2020;482519367;Coquelicot;17;0.49
29/12/2020;269481735;Chrysantheme;8;0.47
29/12/2020;269481735;Anemone;9;0.18
29/12/2020;672849135;Mimosa;7;0.13
29/12/2020;269481735;Tulipe;7;0.47
29/12/2020;275381649;Pensee;4;0.74
29/12/2020;482519367;Oeillet;2;0.54
21/12/2020;672849135;Hortensia;15;2.77
21/12/2020;482519367;Chrysantheme;1;0.87
21/12/2020;503827451;Magnolia;4;0.88
21/12/2020;842619375;Oeillet;1;0.26
21/12/2020;482519367;Tournesol;2;0.67
21/12/2020;672849135;Pivoine;1;0.45
11/12/2020;651982473;Mimosa;1;1.2
11/12/2020;269481735;Coquelicot;2;0.36
11/12/2020;482519367;Marguerite;2;0.95
11/12/2020;482519367;Lys;13;0.84
11/12/2020;482519367;Chrysantheme;6;0.44
11/12/2020;346198275;Tiare;1;0.52
11/12/2020;503827451;Tulipe;4;0.26
15/12/2020;346198275;Tiare;13;0.16
15/12/2020;842619375;Anemone;1;0.39
15/12/2020;842619375;Crocus;7;0.46
15/12/2020;503827451;Narcisse;1;0.32
15/12/2020;842619375;Tulipe;1;0.1
15/12/2020;503827451;Chrysantheme;2;0.21
23/12/2020;346198275;Lys;13;0.99
23/12/2020;672849135;Pensee;5;0.38
23/12/2020;346198275;Mimosa;10;0.98
23/12/2020;346198275;Marguerite;2;0.56
23/12/2020;275381649;Hortensia;3;1.27
23/12/2020;346198275;Narcisse;2;0.81
23/12/2020;672849135;Crocus;4;0.33
23/12/2020;672849135;Violette;3;0.41
23/12/2020;503827451;Tulipe;2;0.58
23/12/2020;346198275;Rose;2;0.33
23/12/2020;672849135;Tournesol;2;0.51
23/12/2020;275381649;Paquerette;1;0.56
23/12/2020;269481735;Magnolia;1;3.66
30/12/2020;651982473;Magnolia;18;2.84
30/12/2020;346198275;Pivoine;11;0.93
30/12/2020;275381649;Narcisse;1;0.83
30/12/2020;482519367;Crocus;2;0.4
30/12/2020;346198275;Lys;8;1.11
30/12/2020;503827451;Rose;6;0.94
30/12/2020;275381649;Hortensia;1;3.19
30/12/2020;503827451;Paquerette;3;0.28
30/12/2020;503827451;Tournesol;16;0.32
30/12/2020;672849135;Marguerite;7;0.51
30/12/2020;842619375;Tiare;1;2.91
24/12/2020;346198275;Tiare;7;2.96
24/12/2020;346198275;Hortensia;6;3.87
24/12/2020;503827451;Oeillet;1;0.16
24/12/2020;842619375;Mimosa;2;1.19
06/01/2021;269481735;Narcisse;2;1.08
06/01/2021;269481735;Violette;22;0.21
06/01/2021;269481735;Oeillet;1;0.64
06/01/2021;346198275;Chrysantheme;8;0.2
06/01/2021;346198275;Anemone;5;0.97
06/01/2021;651982473;Paquerette;21;0.75
06/01/2021;503827451;Mimosa;18;1.1
06/01/2021;269481735;Pivoine;6;1.39
06/01/2021;269481735;Magnolia;7;2.72
06/01/2021;842619375;Glaieul;5;0.58
06/01/2021;842619375;Marguerite;2;0.25
06/01/2021;482519367;Rose;3;0.63
06/01/2021;672849135;Tiare;2;3.0
06/01/2021;672849135;Hortensia;1;1.76
06/01/2021;651982473;Lys;4;0.64
06/01/2021;842619375;Tulipe;1;0.41
06/01/2021;842619375;Coquelicot;12;0.43
06/01/2021;275381649;Pensee;2;0.7
07/01/2021;503827451;Anemone;17;0.67
07/01/2021;651982473;Lys;12;1.46
07/01/2021;269481735;Tournesol;3;0.75
07/01/2021;651982473;Violette;5;0.19
07/01/2021;346198275;Magnolia;4;3.9
07/01/2021;672849135;Mimosa;4;2.02
07/01/2021;842619375;Marguerite;18;0.41
07/01/2021;651982473;Tulipe;9;0.52
07/01/2021;275381649;Pivoine;3;0.54
07/01/2021;503827451;Glaieul;1;0.22
07/01/2021;482519367;Hortensia;3;3.9
07/01/2021;269481735;Paquerette;1;0.25
07/01/2021;842619375;Chrysantheme;15;0.12
07/01/2021;651982473;Tiare;11;1.88
07/01/2021;651982473;Pensee;2;0.3
07/01/2021;482519367;Oeillet;4;0.64
07/01/2021;672849135;Rose;12;0.85
07/01/2021;482519367;Coquelicot;14;0.43
16/12/2020;275381649;Pivoine;4;1.27
16/12/2020;651982473;Oeillet;1;0.69
16/12/2020;842619375;Tournesol;1;0.2
16/12/2020;482519367;Paquerette;2;0.29
16/12/2020;482519367;Lys;12;0.77
16/12/2020;672849135;Chrysantheme;2;0.47
16/12/2020;275381649;Mimosa;1;1.44
16/12/2020;672849135;Glaieul;4;0.64
16/12/2020;269481735;Anemone;3;1.06
16/12/2020;503827451;Tiare;5;1.07
16/12/2020;269481735;Pensee;3;0.47
16/12/2020;275381649;Coquelicot;1;0.1
16/12/2020;346198275;Rose;3;0.52
16/12/2020;269481735;Tulipe;2;0.17
31/12/2020;672849135;Anemone;6;1.53
31/12/2020;842619375;Tulipe;22;0.16
31/12/2020;346198275;Mimosa;1;0.46
31/12/2020;672849135;Chrysantheme;3;0.55
31/12/2020;842619375;Marguerite;5;0.51
31/12/2020;346198275;Violette;9;0.46
31/12/2020;651982473;Narcisse;1;0.65
31/12/2020;482519367;Glaieul;5;0.7
31/12/2020;651982473;Magnolia;8;3.66
31/12/2020;269481735;Oeillet;11;0.34
04/01/2021;269481735;Violette;5;0.27
04/01/2021;275381649;Anemone;20;1.65
04/01/2021;269481735;Mimosa;9;2.36
04/01/2021;672849135;Pensee;1;0.34
04/01/2021;275381649;Rose;7;0.64
04/01/2021;269481735;Glaieul;7;0.3
05/01/2021;346198275;Violette;1;0.32
05/01/2021;269481735;Magnolia;2;0.28
05/01/2021;672849135;Oeillet;3;0.7
05/01/2021;842619375;Tournesol;13;0.93
05/01/2021;269481735;Tulipe;3;0.46
05/01/2021;346198275;Paquerette;7;0.39
05/01/2021;269481735;Coquelicot;1;0.43
05/01/2021;269481735;Mimosa;5;2.32
05/01/2021;503827451;Hortensia;13;1.67
05/01/2021;269481735;Lys;3;1.11
05/01/2021;482519367;Glaieul;7;0.74
14/01/2021;482519367;Tulipe;18;0.51
14/01/2021;651982473;Paquerette;3;0.41
14/01/2021;346198275;Pivoine;3;1.15
14/01/2021;672849135;Violette;5;0.21
14/01/2021;346198275;Marguerite;8;0.96
14/01/2021;275381649;Lys;2;0.27
14/01/2021;482519367;Magnolia;5;0.6
14/01/2021;482519367;Mimosa;4;1.45
14/01/2021;503827451;Crocus;10;0.2
14/01/2021;482519367;Pensee;1;0.73
14/01/2021;275381649;Glaieul;6;0.33
14/01/2021;346198275;Tiare;1;2.49
12/01/2021;269481735;Mimosa;15;1.77
12/01/2021;269481735;Marguerite;1;0.36
12/01/2021;672849135;Hortensia;8;3.85
12/01/2021;842619375;Magnolia;1;0.18
12/01/2021;482519367;Anemone;8;1.18
12/01/2021;651982473;Glaieul;3;0.46
08/01/2021;651982473;Paquerette;5;0.58
08/01/2021;482519367;Coquelicot;4;0.11
08/01/2021;651982473;Crocus;2;0.19
08/01/2021;672849135;Anemone;3;1.19
08/01/2021;842619375;Narcisse;1;0.96
08/01/2021;672849135;Hortensia;3;1.84
08/01/2021;269481735;Tulipe;4;0.67
08/01/2021;651982473;Oeillet;15;0.72
08/01/2021;482519367;Magnolia;2;2.33
08/01/2021;482519367;Tiare;2;2.22
08/01/2021;275381649;Marguerite;1;0.52
08/01/2021;275381649;Pivoine;1;2.05
08/01/2021;269481735;Lys;5;0.43
15/01/2021;346198275;Oeillet;8;0.22
15/01/2021;275381649;Mimosa;9;2.03
15/01/2021;503827451;Anemone;31;0.89
15/01/2021;482519367;Tulipe;2;0.21
15/01/2021;269481735;Crocus;5;0.35
15/01/2021;672849135;Lys;7;0.43
15/01/2021;482519367;Narcisse;18;0.51
15/01/2021;503827451;Paquerette;2;0.39
15/01/2021;842619375;Pivoine;2;2.03
15/01/2021;842619375;Rose;2;0.26
15/01/2021;842619375;Glaieul;3;0.78
15/01/2021;346198275;Magnolia;1;2.24
15/01/2021;275381649;Marguerite;2;0.86
15/01/2021;672849135;Coquelicot;1;0.25
15/01/2021;672849135;Chrysantheme;1;0.51
15/01/2021;651982473;Violette;4;0.21
11/01/2021;482519367;Mimosa;15;1.81
11/01/2021;346198275;Pensee;7;0.63
11/01/2021;672849135;Violette;1;0.3
11/01/2021;651982473;Chrysantheme;8;0.74
11/01/2021;842619375;Coquelicot;3;0.5
11/01/2021;346198275;Tulipe;2;0.29
11/01/2021;651982473;Lys;4;1.47
11/01/2021;651982473;Oeillet;8;0.59
11/01/2021;842619375;Hortensia;1;0.53
11/01/2021;482519367;Crocus;1;0.48
18/01/2021;651982473;Tiare;15;1.22
18/01/2021;842619375;Paquerette;2;0.64
18/01/2021;651982473;Violette;3;0.19
18/01/2021;651982473;Rose;10;0.32
18/01/2021;269481735;Glaieul;6;0.71
18/01/2021;651982473;Crocus;1;0.13
18/01/2021;842619375;Hortensia;1;1.82
18/01/2021;651982473;Tournesol;16;1.0
18/01/2021;275381649;Anemone;1;0.61
18/01/2021;269481735;Marguerite;1;0.26
18/01/2021;651982473;Tulipe;1;0.65
18/01/2021;482519367;Magnolia;4;2.56
22/01/2021;275381649;Rose;5;0.47
22/01/2021;651982473;Pivoine;15;1.04
22/01/2021;346198275;Chrysantheme;1;0.19
22/01/2021;346198275;Anemone;2;1.71
22/01/2021;842619375;Coquelicot;3;0.44
22/01/2021;346198275;Narcisse;7;1.16
22/01/2021;651982473;Pensee;3;0.45
22/01/2021;346198275;Magnolia;12;1.67
22/01/2021;672849135;Marguerite;1;0.35
22/01/2021;346198275;Paquerette;2;0.61
22/01/2021;503827451;Glaieul;1;0.92
22/01/2021;842619375;Tournesol;1;0.34
29/01/2021;275381649;Paquerette;54;0.49
29/01/2021;269481735;Chrysantheme;36;0.36
29/01/2021;275381649;Tiare;35;0.35
29/01/2021;269481735;Marguerite;22;0.82
29/01/2021;346198275;Pivoine;34;0.88
29/01/2021;503827451;Narcisse;12;1.04
29/01/2021;842619375;Anemone;26;1.39
29/01/2021;275381649;Tournesol;29;0.73
29/01/2021;346198275;Pensee;24;0.1
29/01/2021;482519367;Tulipe;8;0.29
29/01/2021;842619375;Mimosa;30;0.47
29/01/2021;672849135;Oeillet;21;0.23
29/01/2021;651982473;Coquelicot;12;0.27
29/01/2021;275381649;Rose;18;0.71
29/01/2021;269481735;Lys;45;0.61
29/01/2021;651982473;Magnolia;13;2.68
29/01/2021;672849135;Violette;19;0.16
29/01/2021;346198275;Hortensia;50;0.33
29/01/2021;269481735;Glaieul;8;0.45
29/01/2021;672849135;Crocus;45;0.21
20/01/2021;346198275;Crocus;4;0.3
20/01/2021;651982473;Hortensia;1;3.96
20/01/2021;269481735;Pensee;2;0.42
20/01/2021;503827451;Paquerette;3;0.57
20/01/2021;269481735;Lys;1;1.13
20/01/2021;482519367;Oeillet;1;0.35
20/01/2021;275381649;Tournesol;12;0.23
28/01/2021;346198275;Mimosa;14;0.93
28/01/2021;482519367;Pivoine;9;1.09
28/01/2021;269481735;Tulipe;6;0.38
28/01/2021;482519367;Tournesol;4;0.18
28/01/2021;482519367;Tiare;7;0.55
28/01/2021;269481735;Magnolia;11;0.66
28/01/2021;269481735;Violette;2;0.21
28/01/2021;269481735;Coquelicot;8;0.42
28/01/2021;672849135;Rose;3;0.28
28/01/2021;651982473;Anemone;11;0.55
28/01/2021;269481735;Marguerite;15;0.99
28/01/2021;269481735;Hortensia;9;1.81
28/01/2021;842619375;Lys;6;1.43
28/01/2021;346198275;Pensee;1;0.6
28/01/2021;672849135;Chrysantheme;5;0.65
28/01/2021;482519367;Glaieul;6;0.55
28/01/2021;503827451;Oeillet;5;0.17
27/01/2021;346198275;Glaieul;21;0.63
27/01/2021;672849135;Hortensia;5;0.11
27/01/2021;842619375;Oeillet;1;0.51
27/01/2021;842619375;Tournesol;10;0.28
27/01/2021;346198275;Tulipe;2;0.19
27/01/2021;269481735;Marguerite;2;0.35
27/01/2021;482519367;Mimosa;4;1.19
27/01/2021;651982473;Lys;12;1.41
27/01/2021;346198275;Coquelicot;18;0.43
27/01/2021;672849135;Paquerette;1;0.13
05/10/2021;269481735;Tournesol;11;0.59
05/10/2021;269481735;Tiare;8;1.05
05/10/2021;651982473;Anemone;11;0.41
05/10/2021;503827451;Glaieul;3;0.29
05/10/2021;482519367;Pivoine;1;1.38
08/10/2021;842619375;Tournesol;16;0.11
08/10/2021;503827451;Oeillet;3;0.7
08/10/2021;672849135;Coquelicot;11;0.48
08/10/2021;842619375;Pensee;6;0.35
08/10/2021;482519367;Tiare;11;1.06
08/10/2021;651982473;Paquerette;8;0.15
08/10/2021;275381649;Narcisse;2;0.31
08/10/2021;503827451;Magnolia;1;2.89
08/10/2021;503827451;Tulipe;6;0.65
08/10/2021;482519367;Rose;2;0.27
15/10/2021;275381649;Glaieul;3;0.66
15/10/2021;503827451;Tournesol;1;0.14
15/10/2021;275381649;Hortensia;9;0.35
15/10/2021;651982473;Lys;2;0.44
22/10/2021;651982473;Coquelicot;9;0.17
22/10/2021;275381649;Tiare;5;1.78
22/10/2021;269481735;Chrysantheme;5;0.84
22/10/2021;269481735;Crocus;23;0.29
22/10/2021;503827451;Oeillet;1;0.51
22/10/2021;275381649;Mimosa;12;0.38
22/10/2021;842619375;Lys;5;0.65
22/10/2021;482519367;Anemone;2;1.63
22/10/2021;482519367;Paquerette;3;0.27
22/10/2021;482519367;Marguerite;5;0.16
22/10/2021;269481735;Pivoine;18;0.82
22/10/2021;842619375;Narcisse;2;0.11
22/10/2021;346198275;Magnolia;4;0.84
11/10/2021;503827451;Glaieul;22;0.81
11/10/2021;842619375;Anemone;6;1.0
11/10/2021;503827451;Oeillet;3;0.15
11/10/2021;842619375;Tournesol;1;0.92
11/10/2021;269481735;Mimosa;1;1.26
11/10/2021;269481735;Pivoine;2;1.87
11/10/2021;503827451;Tiare;16;2.15
11/10/2021;346198275;Tulipe;1;0.55
11/10/2021;275381649;Pensee;1;0.54
11/10/2021;503827451;Narcisse;1;0.18
20/10/2021;275381649;Rose;5;0.7
20/10/2021;672849135;Magnolia;8;2.42
20/10/2021;503827451;Lys;3;1.28
20/10/2021;503827451;Pensee;8;0.31
20/10/2021;269481735;Tournesol;3;0.21
20/10/2021;275381649;Oeillet;2;0.6
25/10/2021;482519367;Tulipe;4;0.61
25/10/2021;842619375;Magnolia;11;1.24
25/10/2021;503827451;Oeillet;1;0.65
25/10/2021;482519367;Lys;2;1.04
25/10/2021;503827451;Narcisse;3;0.92
25/10/2021;503827451;Tiare;13;1.33
25/10/2021;651982473;Tournesol;2;0.19
25/10/2021;275381649;Anemone;3;1.18
25/10/2021;503827451;Pensee;6;0.2
25/10/2021;269481735;Crocus;1;0.49
25/10/2021;346198275;Marguerite;11;0.14
25/10/2021;482519367;Rose;8;0.28
14/10/2021;275381649;Crocus;1;0.2
14/10/2021;346198275;Pivoine;3;1.95
14/10/2021;503827451;Coquelicot;1;0.49
14/10/2021;672849135;Hortensia;10;1.9
18/10/2021;269481735;Tiare;4;2.36
18/10/2021;503827451;Tournesol;9;0.62
18/10/2021;651982473;Rose;2;0.44
18/10/2021;346198275;Tulipe;6;0.14
18/10/2021;842619375;Coquelicot;18;0.43
18/10/2021;651982473;Oeillet;2;0.1
18/10/2021;651982473;Magnolia;1;2.57
18/10/2021;842619375;Paquerette;22;0.4
18/10/2021;275381649;Mimosa;2;0.22
18/10/2021;672849135;Narcisse;1;0.51
18/10/2021;672849135;Violette;19;0.16
18/10/2021;672849135;Crocus;3;0.18
18/10/2021;482519367;Hortensia;13;0.82
18/10/2021;346198275;Marguerite;3;0.93
18/10/2021;672849135;Pivoine;1;1.05
18/10/2021;269481735;Chrysantheme;4;0.74
18/10/2021;482519367;Glaieul;1;0.53
27/10/2021;503827451;Glaieul;1;0.59
27/10/2021;672849135;Crocus;6;0.32
27/10/2021;269481735;Magnolia;9;3.1
27/10/2021;275381649;Lys;1;1.0
27/10/2021;842619375;Chrysantheme;5;0.31
27/10/2021;503827451;Tulipe;3;0.25
27/10/2021;651982473;Mimosa;1;0.15
27/10/2021;275381649;Coquelicot;17;0.43
27/10/2021;503827451;Oeillet;1;0.74
27/10/2021;842619375;Rose;10;0.38
27/10/2021;269481735;Violette;9;0.15
27/10/2021;503827451;Pivoine;2;1.43
27/10/2021;842619375;Tournesol;1;0.39
27/10/2021;482519367;Tiare;3;0.79
12/10/2021;275381649;Glaieul;17;0.63
12/10/2021;275381649;Pivoine;17;1.28
12/10/2021;275381649;Marguerite;7;0.12
12/10/2021;842619375;Crocus;9;0.41
12/10/2021;269481735;Mimosa;5;0.33
21/10/2021;346198275;Anemone;5;1.08
21/10/2021;346198275;Narcisse;5;0.72
21/10/2021;346198275;Oeillet;6;0.43
21/10/2021;503827451;Hortensia;6;1.43
21/10/2021;672849135;Tiare;7;0.63
21/10/2021;672849135;Paquerette;1;0.16
21/10/2021;269481735;Tournesol;1;0.4
03/11/2021;275381649;Tournesol;16;0.41
03/11/2021;672849135;Oeillet;2;0.1
03/11/2021;346198275;Pivoine;14;0.1
03/11/2021;275381649;Coquelicot;6;0.25
03/11/2021;482519367;Lys;13;0.25
03/11/2021;672849135;Crocus;3;0.19
03/11/2021;269481735;Narcisse;17;0.18
03/11/2021;842619375;Anemone;1;0.17
03/11/2021;346198275;Paquerette;29;0.12
03/11/2021;482519367;Marguerite;7;0.25
03/11/2021;346198275;Pensee;1;0.46
03/11/2021;275381649;Tulipe;6;0.22
03/11/2021;346198275;Chrysantheme;1;0.49
03/11/2021;672849135;Hortensia;1;2.03
03/11/2021;651982473;Magnolia;1;1.5
03/11/2021;482519367;Violette;4;0.35
29/10/2021;842619375;Pivoine;9;2.11
29/10/2021;651982473;Crocus;8;0.34
29/10/2021;503827451;Marguerite;27;0.26
29/10/2021;672849135;Tournesol;3;0.41
29/10/2021;503827451;Pensee;2;0.16
29/10/2021;651982473;Chrysantheme;6;0.1
29/10/2021;346198275;Oeillet;8;0.53
29/10/2021;269481735;Hortensia;11;0.73
29/10/2021;275381649;Tiare;3;1.63
29/10/2021;503827451;Anemone;1;0.31
29/10/2021;269481735;Lys;3;0.88
29/10/2021;651982473;Paquerette;5;0.71
02/11/2021;275381649;Magnolia;9;2.91
02/11/2021;346198275;Narcisse;19;0.89
02/11/2021;346198275;Crocus;7;0.36
02/11/2021;482519367;Oeillet;6;0.6
02/11/2021;503827451;Hortensia;9;0.9
02/11/2021;275381649;Rose;1;0.1
02/11/2021;842619375;Coquelicot;1;0.31
02/11/2021;269481735;Pensee;7;0.22
02/11/2021;651982473;Chrysantheme;1;0.74
02/11/2021;482519367;Glaieul;1;0.58
19/10/2021;346198275;Tiare;10;0.34
19/10/2021;651982473;Pensee;1;0.46
19/10/2021;672849135;Narcisse;2;0.65
19/10/2021;275381649;Pivoine;3;2.1
19/10/2021;503827451;Tulipe;1;0.62
04/11/2021;503827451;Crocus;1;0.14
04/11/2021;346198275;Tiare;11;1.54
04/11/2021;482519367;Tulipe;4;0.19
04/11/2021;672849135;Tournesol;3;0.85
04/11/2021;503827451;Pensee;15;0.7
04/11/2021;269481735;Lys;4;1.46
04/11/2021;672849135;Coquelicot;3;0.1
04/11/2021;346198275;Violette;1;0.23
04/11/2021;269481735;Oeillet;12;0.22
09/11/2021;482519367;Tournesol;3;0.7
09/11/2021;275381649;Anemone;3;0.76
09/11/2021;672849135;Chrysantheme;3;0.24
09/11/2021;275381649;Oeillet;4;0.57
09/11/2021;672849135;Coquelicot;5;0.47
09/11/2021;275381649;Crocus;2;0.11
09/11/2021;482519367;Narcisse;12;0.87
09/11/2021;275381649;Pensee;11;0.46
26/10/2021;651982473;Oeillet;1;0.69
26/10/2021;651982473;Rose;8;0.74
26/10/2021;482519367;Mimosa;5;1.82
26/10/2021;269481735;Narcisse;1;0.45
26/10/2021;672849135;Pensee;1;0.19
05/11/2021;346198275;Anemone;24;0.78
05/11/2021;269481735;Violette;4;0.18
05/11/2021;842619375;Tiare;4;0.4
05/11/2021;269481735;Glaieul;1;0.51
05/11/2021;346198275;Lys;1;1.36
05/11/2021;346198275;Hortensia;1;2.45
05/11/2021;672849135;Magnolia;5;3.53
05/11/2021;482519367;Tulipe;2;0.62
05/11/2021;346198275;Oeillet;2;0.11
05/11/2021;651982473;Coquelicot;5;0.35
05/11/2021;503827451;Paquerette;13;0.33
05/11/2021;651982473;Pensee;11;0.22
05/11/2021;482519367;Narcisse;6;0.9
05/11/2021;482519367;Tournesol;12;0.3
05/11/2021;346198275;Chrysantheme;7;0.38
05/11/2021;275381649;Rose;8;0.38
05/11/2021;842619375;Marguerite;2;0.96
10/11/2021;651982473;Paquerette;67;0.53
10/11/2021;651982473;Tulipe;26;0.56
10/11/2021;275381649;Mimosa;26;1.22
10/11/2021;842619375;Glaieul;40;0.63
10/11/2021;275381649;Rose;52;0.21
10/11/2021;346198275;Crocus;39;0.36
10/11/2021;275381649;Anemone;40;1.59
10/11/2021;269481735;Oeillet;24;0.42
10/11/2021;651982473;Pensee;28;0.56
10/11/2021;672849135;Pivoine;52;1.87
10/11/2021;503827451;Coquelicot;54;0.29
10/11/2021;651982473;Hortensia;12;0.41
10/11/2021;482519367;Narcisse;36;1.06
10/11/2021;651982473;Violette;46;0.47
10/11/2021;346198275;Tournesol;38;0.74
10/11/2021;346198275;Magnolia;37;0.19
10/11/2021;503827451;Chrysantheme;57;0.49
10/11/2021;651982473;Marguerite;44;0.23
10/11/2021;503827451;Tiare;24;2.96
10/11/2021;651982473;Lys;55;1.34
08/11/2021;269481735;Crocus;7;0.23
08/11/2021;275381649;Lys;2;1.43
08/11/2021;842619375;Narcisse;4;1.13
08/11/2021;672849135;Magnolia;9;2.53
08/11/2021;346198275;Pivoine;17;1.89
08/11/2021;482519367;Pensee;5;0.75
08/11/2021;503827451;Marguerite;11;0.41
08/11/2021;503827451;Tiare;21;2.13
08/11/2021;842619375;Mimosa;2;1.36
08/11/2021;842619375;Coquelicot;5;0.41
08/11/2021;651982473;Hortensia;2;2.51
08/11/2021;651982473;Paquerette;3;0.64
08/11/2021;275381649;Chrysantheme;4;0.49
08/11/2021;672849135;Violette;2;0.48
18/04/2022;672849135;Tulipe;7;0.45
18/04/2022;842619375;Hortensia;7;3.4
18/04/2022;651982473;Marguerite;2;0.14
18/04/2022;842619375;Chrysantheme;13;0.41
18/04/2022;503827451;Pensee;5;0.56
26/04/2022;672849135;Glaieul;4;0.27
26/04/2022;482519367;Tournesol;2;0.93
26/04/2022;651982473;Violette;2;0.37
26/04/2022;503827451;Paquerette;1;0.42
26/04/2022;275381649;Chrysantheme;16;0.24
26/04/2022;275381649;Anemone;8;0.72
26/04/2022;503827451;Magnolia;14;2.57
26/04/2022;842619375;Coquelicot;7;0.46
26/04/2022;275381649;Tulipe;3;0.27
26/04/2022;672849135;Oeillet;2;0.16
26/04/2022;842619375;Crocus;6;0.4
26/04/2022;651982473;Tiare;18;0.31
26/04/2022;842619375;Narcisse;8;0.51
26/04/2022;672849135;Marguerite;5;0.14
26/04/2022;651982473;Rose;6;0.13
26/04/2022;651982473;Hortensia;13;0.14
26/04/2022;269481735;Lys;1;0.9
26/04/2022;842619375;Mimosa;5;0.72
06/04/2022;269481735;Marguerite;8;0.78
06/04/2022;275381649;Pensee;1;0.44
06/04/2022;672849135;Tiare;14;1.04
06/04/2022;672849135;Coquelicot;3;0.32
07/04/2022;651982473;Marguerite;6;0.94
07/04/2022;269481735;Glaieul;2;0.57
07/04/2022;842619375;Narcisse;2;0.52
07/04/2022;651982473;Coquelicot;2;0.22
20/04/2022;346198275;Rose;2;0.32
20/04/2022;269481735;Magnolia;15;2.44
20/04/2022;503827451;Narcisse;8;0.95
20/04/2022;672849135;Mimosa;1;1.68
20/04/2022;503827451;Hortensia;1;1.04
20/04/2022;672849135;Lys;2;1.21
08/04/2022;842619375;Pivoine;9;1.49
08/04/2022;346198275;Magnolia;5;0.54
08/04/2022;346198275;Pensee;5;0.35
08/04/2022;275381649;Mimosa;15;2.04
08/04/2022;651982473;Anemone;1;0.3
08/04/2022;672849135;Tiare;3;2.91
08/04/2022;503827451;Lys;13;0.34
08/04/2022;503827451;Narcisse;2;0.72
08/04/2022;275381649;Violette;1;0.22
25/04/2022;346198275;Crocus;18;0.18
25/04/2022;651982473;Marguerite;9;0.56
25/04/2022;651982473;Pensee;6;0.52
25/04/2022;346198275;Tiare;7;1.56
25/04/2022;651982473;Tournesol;12;0.86
25/04/2022;346198275;Hortensia;13;0.54
25/04/2022;482519367;Glaieul;11;0.7
25/04/2022;269481735;Tulipe;11;0.59
25/04/2022;842619375;Paquerette;12;0.47
25/04/2022;842619375;Coquelicot;16;0.22
25/04/2022;651982473;Pivoine;10;2.19
25/04/2022;503827451;Anemone;37;0.58
25/04/2022;275381649;Oeillet;10;0.15
25/04/2022;482519367;Lys;1;0.76
25/04/2022;672849135;Magnolia;4;2.85
25/04/2022;672849135;Rose;5;0.95
25/04/2022;346198275;Chrysantheme;20;0.55
25/04/2022;346198275;Violette;6;0.17
25/04/2022;275381649;Mimosa;7;1.8
19/04/2022;346198275;Pivoine;9;1.67
19/04/2022;346198275;Chrysantheme;2;0.22
19/04/2022;269481735;Mimosa;2;0.44
19/04/2022;672849135;Tiare;3;1.3
19/04/2022;672849135;Paquerette;11;0.63
19/04/2022;482519367;Rose;1;0.1
19/04/2022;651982473;Coquelicot;2;0.46
19/04/2022;482519367;Narcisse;4;1.05
19/04/2022;503827451;Tournesol;1;0.13
19/04/2022;346198275;Anemone;10;0.62
19/04/2022;482519367;Tulipe;14;0.74
19/04/2022;275381649;Magnolia;9;1.73
19/04/2022;651982473;Oeillet;7;0.59
19/04/2022;672849135;Crocus;7;0.46
19/04/2022;651982473;Hortensia;4;3.85
19/04/2022;482519367;Lys;1;0.74
19/04/2022;651982473;Violette;8;0.42
29/04/2022;672849135;Magnolia;36;0.82
29/04/2022;503827451;Violette;39;0.44
29/04/2022;269481735;Glaieul;46;0.42
29/04/2022;651982473;Rose;36;0.1
29/04/2022;482519367;Paquerette;55;0.38
29/04/2022;672849135;Mimosa;37;0.25
29/04/2022;275381649;Tournesol;44;0.98
29/04/2022;269481735;Lys;72;1.37
29/04/2022;346198275;Crocus;44;0.4
29/04/2022;275381649;Narcisse;39;0.89
29/04/2022;269481735;Pensee;44;0.57
29/04/2022;672849135;Marguerite;19;0.87
29/04/2022;275381649;Tiare;34;2.62
29/04/2022;503827451;Hortensia;12;2.37
29/04/2022;482519367;Pivoine;64;0.4
29/04/2022;503827451;Oeillet;42;0.59
29/04/2022;275381649;Anemone;18;0.41
29/04/2022;346198275;Coquelicot;26;0.45
29/04/2022;269481735;Chrysantheme;49;0.66
29/04/2022;503827451;Tulipe;26;0.14
15/04/2022;672849135;Anemone;2;0.19
15/04/2022;651982473;Paquerette;15;0.69
15/04/2022;503827451;Marguerite;2;0.8
15/04/2022;269481735;Coquelicot;10;0.29
15/04/2022;672849135;Magnolia;3;1.21
15/04/2022;346198275;Violette;14;0.45
15/04/2022;503827451;Tournesol;3;0.76
15/04/2022;346198275;Glaieul;9;0.37
15/04/2022;346198275;Chrysantheme;2;0.57
15/04/2022;482519367;Pensee;2;0.46
15/04/2022;672849135;Tulipe;5;0.34
15/04/2022;842619375;Pivoine;6;0.22
15/04/2022;275381649;Rose;2;0.62
21/04/2022;651982473;Magnolia;1;0.79
21/04/2022;672849135;Coquelicot;15;0.33
21/04/2022;651982473;Narcisse;6;0.74
21/04/2022;651982473;Marguerite;10;0.24
21/04/2022;842619375;Tournesol;23;0.44
21/04/2022;269481735;Lys;15;0.79
21/04/2022;482519367;Hortensia;3;2.82
21/04/2022;269481735;Paquerette;8;0.22
21/04/2022;275381649;Mimosa;13;1.49
21/04/2022;842619375;Crocus;2;0.23
21/04/2022;651982473;Tulipe;4;0.62
21/04/2022;842619375;Oeillet;1;0.21
21/04/2022;672849135;Rose;13;0.83
21/04/2022;672849135;Anemone;5;0.87
21/04/2022;275381649;Pivoine;6;2.24
27/04/2022;842619375;Hortensia;23;0.22
27/04/2022;672849135;Anemone;16;1.09
27/04/2022;842619375;Crocus;7;0.34
27/04/2022;842619375;Oeillet;16;0.74
27/04/2022;275381649;Paquerette;14;0.7
27/04/2022;275381649;Chrysantheme;8;0.12
27/04/2022;503827451;Pensee;7;0.16
27/04/2022;672849135;Tulipe;5;0.29
27/04/2022;672849135;Pivoine;40;1.32
27/04/2022;503827451;Coquelicot;19;0.33
27/04/2022;346198275;Magnolia;10;1.61
27/04/2022;672849135;Lys;9;0.51
27/04/2022;651982473;Rose;18;0.37
27/04/2022;503827451;Mimosa;14;0.38
27/04/2022;275381649;Tiare;1;0.65
27/04/2022;482519367;Violette;1;0.11
27/04/2022;269481735;Narcisse;6;0.85
28/04/2022;842619375;Chrysantheme;6;0.34
28/04/2022;672849135;Tulipe;2;0.48
28/04/2022;275381649;Magnolia;10;2.81
28/04/2022;503827451;Narcisse;6;0.4
28/04/2022;842619375;Violette;1;0.27
28/04/2022;503827451;Glaieul;1;0.53
28/04/2022;672849135;Oeillet;10;0.67
28/04/2022;672849135;Coquelicot;10;0.26
28/04/2022;269481735;Crocus;2;0.3
28/04/2022;346198275;Tournesol;3;0.28
28/04/2022;269481735;Tiare;9;0.63
28/04/2022;275381649;Anemone;4;1.35
28/04/2022;503827451;Marguerite;2;0.87
09/12/2022;346198275;Pivoine;18;1.99
09/12/2022;651982473;Oeillet;6;0.65
09/12/2022;275381649;Rose;14;0.31
09/12/2022;346198275;Paquerette;9;0.14
09/12/2022;503827451;Tournesol;3;0.69
09/12/2022;651982473;Marguerite;16;0.55
09/12/2022;269481735;Glaieul;8;0.6
09/12/2022;842619375;Lys;3;1.13
09/12/2022;482519367;Crocus;16;0.39
09/12/2022;275381649;Magnolia;4;2.79
09/12/2022;503827451;Pensee;12;0.35
09/12/2022;503827451;Chrysantheme;10;0.89
09/12/2022;275381649;Coquelicot;3;0.44
09/12/2022;503827451;Anemone;6;1.09
15/12/2022;482519367;Glaieul;1;0.63
15/12/2022;672849135;Hortensia;3;3.22
15/12/2022;672849135;Narcisse;8;0.83
15/12/2022;842619375;Pensee;7;0.42
15/12/2022;269481735;Paquerette;16;0.73
15/12/2022;672849135;Marguerite;14;0.4
15/12/2022;672849135;Anemone;3;1.37
15/12/2022;842619375;Rose;12;0.9
15/12/2022;672849135;Tulipe;9;0.26
15/12/2022;842619375;Mimosa;1;2.41
15/12/2022;503827451;Lys;3;0.11
15/12/2022;346198275;Pivoine;5;0.13
15/12/2022;346198275;Magnolia;3;3.16
15/12/2022;651982473;Tiare;2;2.08
15/12/2022;482519367;Tournesol;2;0.73
20/12/2022;346198275;Mimosa;25;2.38
20/12/2022;503827451;Anemone;2;1.48
20/12/2022;482519367;Hortensia;39;3.99
20/12/2022;482519367;Crocus;27;0.33
20/12/2022;269481735;Tulipe;8;0.75
20/12/2022;503827451;Pensee;15;0.45
20/12/2022;651982473;Marguerite;1;0.7
20/12/2022;651982473;Rose;9;0.52
20/12/2022;672849135;Pivoine;5;1.5
20/12/2022;482519367;Narcisse;18;0.44
20/12/2022;482519367;Coquelicot;18;0.22
20/12/2022;842619375;Violette;2;0.38
20/12/2022;503827451;Tiare;32;2.73
20/12/2022;275381649;Chrysantheme;6;0.43
20/12/2022;482519367;Paquerette;1;0.21
20/12/2022;651982473;Glaieul;4;0.18
20/12/2022;672849135;Lys;22;1.15
20/12/2022;672849135;Tournesol;2;0.28
20/12/2022;482519367;Oeillet;10;0.41
14/12/2022;346198275;Violette;6;0.29
14/12/2022;346198275;Chrysantheme;8;0.34
14/12/2022;651982473;Paquerette;5;0.68
14/12/2022;482519367;Lys;2;0.99
14/12/2022;842619375;Rose;17;0.61
14/12/2022;672849135;Marguerite;6;0.96
14/12/2022;503827451;Anemone;1;1.73
14/12/2022;482519367;Hortensia;8;2.06
14/12/2022;275381649;Coquelicot;3;0.48
14/12/2022;842619375;Crocus;5;0.37
14/12/2022;842619375;Pensee;9;0.61
14/12/2022;672849135;Pivoine;18;0.1
14/12/2022;503827451;Magnolia;2;3.47
14/12/2022;482519367;Narcisse;9;0.45
14/12/2022;346198275;Oeillet;14;0.56
14/12/2022;269481735;Tiare;1;1.16
14/12/2022;346198275;Tulipe;8;0.25
14/12/2022;672849135;Tournesol;1;0.82
27/12/2022;275381649;Tournesol;1;0.57
27/12/2022;346198275;Glaieul;3;0.91
27/12/2022;503827451;Mimosa;20;2.4
27/12/2022;842619375;Chrysantheme;12;0.64
27/12/2022;482519367;Oeillet;3;0.11
27/12/2022;651982473;Pensee;29;0.42
27/12/2022;503827451;Anemone;42;0.5
27/12/2022;651982473;Rose;5;0.64
27/12/2022;482519367;Crocus;1;0.19
27/12/2022;269481735;Magnolia;14;1.33
27/12/2022;503827451;Lys;2;1.23
27/12/2022;275381649;Violette;29;0.35
27/12/2022;346198275;Tulipe;15;0.36
27/12/2022;482519367;Marguerite;6;0.89
27/12/2022;672849135;Hortensia;5;3.29
27/12/2022;503827451;Tiare;6;0.36
19/12/2022;842619375;Crocus;15;0.38
19/12/2022;482519367;Coquelicot;5;0.45
19/12/2022;651982473;Narcisse;2;0.78
19/12/2022;651982473;Marguerite;6;0.48
19/12/2022;482519367;Magnolia;3;1.04
19/12/2022;503827451;Tulipe;2;0.36
19/12/2022;275381649;Anemone;15;0.51
19/12/2022;275381649;Pensee;16;0.65
19/12/2022;651982473;Violette;15;0.17
19/12/2022;346198275;Lys;4;0.82
19/12/2022;651982473;Glaieul;6;0.47
19/12/2022;672849135;Pivoine;8;1.16
19/12/2022;842619375;Mimosa;14;1.72
19/12/2022;269481735;Rose;7;0.35
19/12/2022;503827451;Tiare;4;0.53
19/12/2022;672849135;Chrysantheme;5;0.79
19/12/2022;842619375;Paquerette;14;0.38
28/12/2022;275381649;Tournesol;4;0.28
28/12/2022;842619375;Marguerite;12;0.8
28/12/2022;672849135;Crocus;26;0.47
28/12/2022;269481735;Tiare;10;1.96
28/12/2022;346198275;Pensee;18;0.27
28/12/2022;842619375;Chrysantheme;7;0.64
28/12/2022;672849135;Tulipe;6;0.51
28/12/2022;503827451;Hortensia;27;3.27
28/12/2022;842619375;Paquerette;12;0.63
28/12/2022;842619375;Violette;13;0.42
28/12/2022;269481735;Coquelicot;38;0.17
28/12/2022;842619375;Mimosa;7;1.28
28/12/2022;275381649;Glaieul;9;0.25
28/12/2022;275381649;Lys;7;0.49
28/12/2022;651982473;Rose;9;0.62
28/12/2022;346198275;Narcisse;6;0.84
28/12/2022;651982473;Anemone;21;0.92
28/12/2022;651982473;Oeillet;5;0.51
28/12/2022;269481735;Magnolia;19;2.74
28/12/2022;275381649;Pivoine;19;2.18
23/12/2022;672849135;Violette;12;0.14
23/12/2022;482519367;Magnolia;10;0.5
23/12/2022;503827451;Tiare;1;1.04
23/12/2022;503827451;Oeillet;11;0.7
23/12/2022;275381649;Pensee;1;0.51
23/12/2022;482519367;Tulipe;2;0.52
23/12/2022;651982473;Narcisse;16;1.11
23/12/2022;346198275;Mimosa;6;0.65
23/12/2022;346198275;Marguerite;4;0.59
23/12/2022;672849135;Coquelicot;1;0.45
23/12/2022;269481735;Chrysantheme;1;0.33
23/12/2022;482519367;Rose;2;0.71
23/12/2022;269481735;Lys;12;0.7
23/12/2022;346198275;Glaieul;6;0.29
23/12/2022;842619375;Anemone;4;0.61
23/12/2022;269481735;Tournesol;4;0.37
23/12/2022;275381649;Paquerette;1;0.19
26/12/2022;346198275;Mimosa;10;0.19
26/12/2022;269481735;Lys;5;0.78
26/12/2022;482519367;Pensee;4;0.15
26/12/2022;482519367;Coquelicot;9;0.34
26/12/2022;651982473;Rose;6;0.9
26/12/2022;503827451;Chrysantheme;4;0.56
26/12/2022;672849135;Anemone;7;0.51
26/12/2022;346198275;Crocus;4;0.43
26/12/2022;651982473;Tulipe;13;0.57
26/12/2022;503827451;Marguerite;3;0.86
26/12/2022;346198275;Pivoine;12;1.2
26/12/2022;346198275;Narcisse;18;0.76
16/12/2022;482519367;Mimosa;1;0.47
16/12/2022;672849135;Paquerette;2;0.46
16/12/2022;672849135;Magnolia;5;0.66
16/12/2022;346198275;Glaieul;2;0.19
16/12/2022;346198275;Oeillet;8;0.45
16/12/2022;651982473;Violette;1;0.34
16/12/2022;482519367;Tournesol;1;0.72
21/12/2022;275381649;Chrysantheme;6;0.22
21/12/2022;842619375;Rose;11;0.73
21/12/2022;651982473;Pivoine;5;1.36
21/12/2022;672849135;Tournesol;1;0.92
21/12/2022;842619375;Lys;8;1.18
21/12/2022;275381649;Tulipe;6;0.45
21/12/2022;503827451;Mimosa;3;0.71
21/12/2022;503827451;Paquerette;1;0.62
21/12/2022;482519367;Magnolia;7;2.38
21/12/2022;651982473;Marguerite;5;0.45
21/12/2022;346198275;Hortensia;2;3.31
21/12/2022;269481735;Narcisse;16;0.46
21/12/2022;346198275;Tiare;15;0.25
21/12/2022;346198275;Glaieul;2;0.6
21/12/2022;269481735;Oeillet;1;0.4
29/12/2022;503827451;Paquerette;65;0.47
29/12/2022;346198275;Magnolia;58;2.09
29/12/2022;651982473;Mimosa;46;0.59
29/12/2022;269481735;Pensee;93;0.45
29/12/2022;269481735;Rose;56;0.73
29/12/2022;651982473;Oeillet;88;0.26
29/12/2022;275381649;Marguerite;30;0.4
29/12/2022;482519367;Anemone;46;0.13
29/12/2022;651982473;Tiare;45;1.27
29/12/2022;346198275;Lys;57;0.72
29/12/2022;275381649;Glaieul;40;0.25
29/12/2022;275381649;Crocus;29;0.25
29/12/2022;503827451;Narcisse;87;1.12
29/12/2022;672849135;Tulipe;23;0.46
29/12/2022;269481735;Chrysantheme;93;0.56
29/12/2022;503827451;Coquelicot;43;0.45
29/12/2022;346198275;Violette;27;0.1
29/12/2022;482519367;Tournesol;57;0.32
29/12/2022;842619375;Pivoine;38;1.71
29/12/2022;275381649;Hortensia;62;0.97
22/12/2022;269481735;Coquelicot;9;0.22
22/12/2022;269481735;Tournesol;19;0.85
22/12/2022;269481735;Pivoine;6;1.65
22/12/2022;503827451;Violette;16;0.3
22/12/2022;503827451;Chrysantheme;6;0.44
22/12/2022;651982473;Crocus;1;0.45
22/12/2022;346198275;Anemone;1;0.75
22/12/2022;651982473;Magnolia;1;0.96
22/12/2022;842619375;Marguerite;1;0.68
22/12/2022;269481735;Tiare;7;2.83
22/12/2022;482519367;Hortensia;6;0.46
22/12/2022;269481735;Rose;6;0.99
22/12/2022;842619375;Narcisse;2;0.36
14/06/2023;275381649;Mimosa;5;2.26
14/06/2023;503827451;Anemone;1;0.87
14/06/2023;672849135;Rose;1;0.54
14/06/2023;269481735;Magnolia;6;3.17
14/06/2023;503827451;Pivoine;1;2.13
14/06/2023;482519367;Chrysantheme;15;0.34
14/06/2023;482519367;Paquerette;1;0.6
14/06/2023;346198275;Marguerite;6;0.55
14/06/2023;842619375;Violette;12;0.43
14/06/2023;672849135;Crocus;1;0.12
14/06/2023;275381649;Tournesol;5;0.48
09/06/2023;269481735;Oeillet;5;0.33
09/06/2023;503827451;Mimosa;14;2.48
09/06/2023;651982473;Narcisse;9;0.73
09/06/2023;346198275;Crocus;5;0.27
09/06/2023;269481735;Hortensia;8;0.98
09/06/2023;275381649;Chrysantheme;2;0.35
09/06/2023;482519367;Rose;3;0.91
09/06/2023;275381649;Glaieul;1;0.52
09/06/2023;651982473;Marguerite;12;0.44
09/06/2023;672849135;Anemone;6;0.83
09/06/2023;842619375;Magnolia;1;2.48
09/06/2023;269481735;Tiare;1;2.61
07/06/2023;651982473;Lys;25;0.1
07/06/2023;346198275;Tiare;1;2.88
07/06/2023;503827451;Hortensia;11;0.86
07/06/2023;346198275;Pivoine;2;2.05
07/06/2023;503827451;Tulipe;16;0.65
07/06/2023;346198275;Narcisse;2;0.7
07/06/2023;346198275;Crocus;1;0.4
07/06/2023;503827451;Tournesol;1;0.82
08/06/2023;482519367;Paquerette;3;0.14
08/06/2023;842619375;Glaieul;3;0.89
08/06/2023;346198275;Hortensia;9;0.31
08/06/2023;651982473;Rose;3;0.27
08/06/2023;482519367;Pivoine;5;1.57
08/06/2023;651982473;Tiare;2;1.56
13/06/2023;482519367;Hortensia;20;1.74
13/06/2023;503827451;Glaieul;1;0.28
13/06/2023;672849135;Crocus;8;0.45
13/06/2023;651982473;Marguerite;3;0.53
13/06/2023;842619375;Oeillet;1;0.41
13/06/2023;672849135;Magnolia;4;0.76
13/06/2023;482519367;Chrysantheme;3;0.36
13/06/2023;482519367;Lys;1;1.33
13/06/2023;651982473;Mimosa;2;0.51
22/06/2023;275381649;Hortensia;11;2.31
22/06/2023;482519367;Tulipe;2;0.66
22/06/2023;346198275;Pensee;4;0.66
22/06/2023;275381649;Anemone;3;0.23
22/06/2023;275381649;Magnolia;14;0.14
22/06/2023;651982473;Tiare;3;1.8
22/06/2023;346198275;Marguerite;4;0.1
22/06/2023;346198275;Crocus;2;0.26
22/06/2023;672849135;Coquelicot;8;0.29
22/06/2023;482519367;Glaieul;18;0.5
22/06/2023;672849135;Chrysantheme;11;0.85
22/06/2023;482519367;Narcisse;8;0.99
20/06/2023;275381649;Tulipe;4;0.24
20/06/2023;842619375;Anemone;3;0.19
20/06/2023;672849135;Chrysantheme;11;0.41
20/06/2023;651982473;Tournesol;3;0.43
20/06/2023;269481735;Hortensia;14;1.69
20/06/2023;672849135;Mimosa;7;2.06
20/06/2023;672849135;Crocus;15;0.26
20/06/2023;672849135;Coquelicot;15;0.26
20/06/2023;346198275;Marguerite;1;0.33
20/06/2023;482519367;Paquerette;2;0.5
20/06/2023;482519367;Magnolia;4;1.83
20/06/2023;482519367;Rose;2;0.47
12/06/2023;269481735;Magnolia;18;0.25
12/06/2023;672849135;Lys;11;0.34
12/06/2023;672849135;Crocus;7;0.33
12/06/2023;269481735;Tulipe;2;0.12
12/06/2023;651982473;Oeillet;1;0.62
12/06/2023;503827451;Anemone;1;1.34
12/06/2023;346198275;Coquelicot;1;0.23
12/06/2023;346198275;Tiare;5;2.26
12/06/2023;482519367;Pivoine;18;1.81
12/06/2023;346198275;Narcisse;1;0.93
16/06/2023;269481735;Violette;24;0.27
16/06/2023;482519367;Glaieul;2;0.38
16/06/2023;672849135;Paquerette;13;0.32
16/06/2023;482519367;Mimosa;24;0.32
16/06/2023;269481735;Oeillet;3;0.27
16/06/2023;269481735;Pensee;2;0.29
16/06/2023;842619375;Coquelicot;1;0.34
16/06/2023;672849135;Narcisse;4;0.8
16/06/2023;842619375;Hortensia;2;2.01
16/06/2023;503827451;Rose;4;0.6
16/06/2023;482519367;Crocus;4;0.26
16/06/2023;672849135;Tiare;1;2.47
16/06/2023;503827451;Marguerite;1;0.92
15/06/2023;651982473;Pivoine;4;0.5
15/06/2023;842619375;Rose;2;0.43
15/06/2023;651982473;Tiare;7;1.26
15/06/2023;275381649;Magnolia;15;2.07
15/06/2023;275381649;Crocus;1;0.34
15/06/2023;842619375;Hortensia;10;1.31
15/06/2023;269481735;Anemone;8;1.09
15/06/2023;346198275;Coquelicot;3;0.36
15/06/2023;503827451;Tournesol;1;0.15
29/06/2023;346198275;Oeillet;36;0.53
29/06/2023;275381649;Crocus;86;0.23
29/06/2023;269481735;Hortensia;88;2.08
29/06/2023;275381649;Glaieul;54;0.32
29/06/2023;651982473;Mimosa;52;0.68
29/06/2023;672849135;Chrysantheme;61;0.69
29/06/2023;842619375;Narcisse;57;0.1
29/06/2023;346198275;Pivoine;65;1.32
29/06/2023;842619375;Coquelicot;63;0.11
29/06/2023;672849135;Pensee;11;0.66
29/06/2023;269481735;Marguerite;50;0.19
29/06/2023;651982473;Magnolia;37;1.59
29/06/2023;503827451;Rose;87;0.45
29/06/2023;346198275;Paquerette;35;0.63
29/06/2023;346198275;Lys;74;0.43
29/06/2023;503827451;Tulipe;40;0.16
29/06/2023;482519367;Tiare;82;1.9
29/06/2023;503827451;Tournesol;68;0.56
29/06/2023;482519367;Violette;55;0.39
29/06/2023;346198275;Anemone;17;1.71
27/06/2023;503827451;Hortensia;11;2.98
27/06/2023;651982473;Oeillet;17;0.48
27/06/2023;651982473;Coquelicot;7;0.26
27/06/2023;503827451;Tournesol;11;0.86
27/06/2023;346198275;Magnolia;1;2.45
27/06/2023;269481735;Narcisse;12;0.44
27/06/2023;275381649;Violette;5;0.11
27/06/2023;482519367;Tiare;28;0.8
27/06/2023;503827451;Paquerette;26;0.1
27/06/2023;346198275;Lys;6;0.73
27/06/2023;503827451;Mimosa;7;2.27
27/06/2023;269481735;Rose;1;0.61
27/06/2023;275381649;Anemone;14;0.54
27/06/2023;842619375;Chrysantheme;10;0.5
27/06/2023;269481735;Pivoine;7;1.71
27/06/2023;275381649;Crocus;8;0.21
27/06/2023;842619375;Pensee;2;0.59
27/06/2023;346198275;Tulipe;6;0.68
27/06/2023;269481735;Glaieul;1;0.96
23/06/2023;269481735;Hortensia;3;0.82
23/06/2023;346198275;Oeillet;6;0.5
23/06/2023;842619375;Paquerette;7;0.72
23/06/2023;269481735;Mimosa;4;2.04
23/06/2023;275381649;Pensee;8;0.73
23/06/2023;651982473;Tiare;4;2.07
23/06/2023;269481735;Coquelicot;5;0.13
23/06/2023;482519367;Tournesol;6;0.23
23/06/2023;503827451;Marguerite;1;0.21
23/06/2023;672849135;Narcisse;6;0.29
23/06/2023;672849135;Violette;2;0.19
23/06/2023;269481735;Glaieul;11;0.8
23/06/2023;503827451;Pivoine;7;0.29
21/06/2023;269481735;Rose;3;0.4
21/06/2023;651982473;Tiare;4;2.69
21/06/2023;842619375;Glaieul;2;0.68
21/06/2023;269481735;Paquerette;9;0.12
21/06/2023;275381649;Hortensia;8;2.81
21/06/2023;275381649;Violette;8;0.32
21/06/2023;842619375;Lys;5;0.88
21/06/2023;503827451;Tulipe;2;0.1
21/06/2023;672849135;Oeillet;6;0.14
21/06/2023;346198275;Mimosa;1;0.71
28/06/2023;269481735;Mimosa;8;0.55
28/06/2023;503827451;Violette;7;0.12
28/06/2023;346198275;Oeillet;5;0.45
28/06/2023;672849135;Magnolia;9;0.56
28/06/2023;275381649;Crocus;8;0.32
28/06/2023;503827451;Lys;4;1.49
28/06/2023;672849135;Tulipe;2;0.72
28/06/2023;269481735;Anemone;17;0.99
28/06/2023;482519367;Pivoine;2;0.61
28/06/2023;842619375;Marguerite;12;0.19
28/06/2023;651982473;Narcisse;4;0.88
28/06/2023;651982473;Tournesol;1;0.24
28/06/2023;482519367;Rose;16;0.41
28/06/2023;672849135;Tiare;13;0.31
28/06/2023;842619375;Glaieul;3;0.26
28/06/2023;346198275;Chrysantheme;1;0.69
28/06/2023;275381649;Pensee;4;0.19
28/06/2023;651982473;Hortensia;4;2.53
26/06/2023;275381649;Tiare;3;1.1
26/06/2023;503827451;Crocus;3;0.41
26/06/2023;842619375;Violette;4;0.37
26/06/2023;503827451;Glaieul;6;0.82
26/06/2023;346198275;Coquelicot;1;0.12
26/06/2023;482519367;Rose;1;0.94
26/06/2023;275381649;Magnolia;3;1.06
26/06/2023;346198275;Chrysantheme;14;0.23
26/06/2023;672849135;Marguerite;5;0.16
26/06/2023;269481735;Pensee;5;0.47
26/06/2023;275381649;Oeillet;2;0.67
26/06/2023;275381649;Lys;1;0.81
26/06/2023;482519367;Mimosa;1;0.32
26/09/2024;346198275;Oeillet;23;0.18
26/09/2024;651982473;Crocus;5;0.43
26/09/2024;269481735;Pensee;8;0.68
26/09/2024;842619375;Paquerette;31;0.45
26/09/2024;269481735;Coquelicot;2;0.22
26/09/2024;269481735;Marguerite;1;0.56
26/09/2024;269481735;Mimosa;7;1.78
26/09/2024;842619375;Tournesol;20;0.73
26/09/2024;346198275;Magnolia;2;1.49
26/09/2024;651982473;Glaieul;6;0.43
26/09/2024;269481735;Hortensia;1;2.74
26/09/2024;672849135;Tulipe;1;0.27
20/09/2024;672849135;Anemone;1;1.66
20/09/2024;275381649;Marguerite;2;0.14
20/09/2024;275381649;Coquelicot;8;0.38
20/09/2024;482519367;Lys;2;0.37
20/09/2024;275381649;Tournesol;8;0.21
20/09/2024;651982473;Pensee;1;0.12
20/09/2024;672849135;Chrysantheme;1;0.21
20/09/2024;651982473;Paquerette;1;0.3
20/09/2024;672849135;Mimosa;5;1.38
20/09/2024;651982473;Hortensia;4;2.73
20/09/2024;672849135;Tulipe;1;0.57
20/09/2024;346198275;Crocus;8;0.48
20/09/2024;672849135;Magnolia;4;0.73
09/09/2024;672849135;Crocus;17;0.31
09/09/2024;672849135;Marguerite;2;0.95
09/09/2024;269481735;Narcisse;7;0.44
09/09/2024;275381649;Lys;1;0.75
09/09/2024;275381649;Rose;2;0.94
09/09/2024;503827451;Tulipe;3;0.31
09/09/2024;842619375;Pivoine;1;1.63
19/09/2024;672849135;Tulipe;12;0.25
19/09/2024;482519367;Coquelicot;2;0.15
19/09/2024;672849135;Lys;4;0.81
17/09/2024;672849135;Chrysantheme;4;0.36
17/09/2024;482519367;Pivoine;13;0.52
17/09/2024;503827451;Tiare;12;1.71
17/09/2024;346198275;Pensee;1;0.31
17/09/2024;503827451;Glaieul;15;0.62
17/09/2024;842619375;Anemone;1;0.13
17/09/2024;842619375;Mimosa;1;2.01
25/09/2024;346198275;Crocus;5;0.48
25/09/2024;651982473;Coquelicot;2;0.45
25/09/2024;842619375;Chrysantheme;10;0.41
25/09/2024;672849135;Paquerette;1;0.59
25/09/2024;842619375;Hortensia;8;2.15
25/09/2024;346198275;Glaieul;7;0.32
25/09/2024;269481735;Narcisse;1;0.36
25/09/2024;672849135;Lys;5;0.23
25/09/2024;275381649;Tiare;9;1.9
25/09/2024;651982473;Pivoine;3;0.58
25/09/2024;275381649;Tulipe;1;0.62
30/09/2024;269481735;Crocus;12;0.26
30/09/2024;503827451;Tiare;4;2.19
30/09/2024;842619375;Coquelicot;11;0.36
30/09/2024;503827451;Oeillet;7;0.17
30/09/2024;482519367;Violette;23;0.15
30/09/2024;651982473;Narcisse;17;0.91
30/09/2024;651982473;Hortensia;5;1.67
30/09/2024;346198275;Chrysantheme;12;0.84
30/09/2024;503827451;Lys;8;0.83
30/09/2024;842619375;Glaieul;6;0.12
30/09/2024;842619375;Magnolia;2;2.53
30/09/2024;672849135;Pensee;6;0.64
30/09/2024;275381649;Marguerite;16;0.46
30/09/2024;346198275;Pivoine;6;2.02
03/10/2024;482519367;Tulipe;18;0.47
03/10/2024;269481735;Coquelicot;2;0.48
03/10/2024;842619375;Anemone;1;0.66
03/10/2024;269481735;Marguerite;1;0.25
03/10/2024;269481735;Glaieul;4;0.58
03/10/2024;275381649;Magnolia;3;0.4
04/10/2024;269481735;Pivoine;3;0.59
04/10/2024;269481735;Paquerette;2;0.43
04/10/2024;503827451;Chrysantheme;2;0.28
04/10/2024;503827451;Coquelicot;1;0.16
04/10/2024;269481735;Rose;6;0.24
04/10/2024;651982473;Hortensia;1;0.22
04/10/2024;482519367;Tulipe;5;0.37
04/10/2024;346198275;Narcisse;3;0.27
09/10/2024;842619375;Coquelicot;1;0.36
09/10/2024;672849135;Oeillet;10;0.6
09/10/2024;503827451;Tulipe;1;0.22
09/10/2024;482519367;Crocus;9;0.28
09/10/2024;503827451;Hortensia;2;3.07
09/10/2024;842619375;Violette;3;0.26
09/10/2024;651982473;Chrysantheme;2;0.53
09/10/2024;275381649;Magnolia;13;1.33
09/10/2024;842619375;Mimosa;5;1.98
09/10/2024;275381649;Tournesol;9;0.5
09/10/2024;672849135;Lys;1;0.6
09/10/2024;651982473;Narcisse;22;0.8
09/10/2024;275381649;Rose;1;0.19
09/10/2024;672849135;Paquerette;3;0.66
09/10/2024;275381649;Pensee;8;0.63
09/10/2024;651982473;Anemone;7;0.46
16/10/2024;672849135;Chrysantheme;13;0.64
16/10/2024;482519367;Anemone;5;0.85
16/10/2024;275381649;Tiare;4;0.46
16/10/2024;503827451;Rose;3;0.3
10/10/2024;503827451;Tiare;7;2.75
10/10/2024;672849135;Hortensia;3;2.47
10/10/2024;672849135;Crocus;16;0.37
10/10/2024;842619375;Paquerette;1;0.33
10/10/2024;503827451;Tulipe;7;0.45
17/10/2024;346198275;Anemone;7;1.0
17/10/2024;672849135;Lys;12;1.48
17/10/2024;275381649;Glaieul;3;0.24
17/10/2024;346198275;Paquerette;4;0.21
17/10/2024;482519367;Pivoine;3;0.93
17/10/2024;275381649;Hortensia;7;0.26
17/10/2024;672849135;Magnolia;8;3.3
17/10/2024;672849135;Oeillet;2;0.64
17/10/2024;503827451;Tournesol;3;0.87
17/10/2024;672849135;Narcisse;2;1.07
17/10/2024;482519367;Coquelicot;1;0.27
17/10/2024;269481735;Rose;1;0.82
17/10/2024;482519367;Violette;2;0.29
15/10/2024;346198275;Hortensia;7;1.45
15/10/2024;651982473;Glaieul;9;0.94
15/10/2024;482519367;Paquerette;11;0.48
15/10/2024;672849135;Pensee;7;0.68
15/10/2024;346198275;Magnolia;1;0.75
15/10/2024;269481735;Oeillet;10;0.1
07/10/2024;651982473;Rose;14;0.34
07/10/2024;503827451;Oeillet;1;0.15
07/10/2024;482519367;Crocus;7;0.21
07/10/2024;842619375;Chrysantheme;6;0.44
25/10/2024;503827451;Anemone;7;1.27
25/10/2024;482519367;Oeillet;3;0.18
25/10/2024;842619375;Chrysantheme;5;0.79
25/10/2024;482519367;Violette;4;0.17
25/10/2024;482519367;Pivoine;1;2.0
25/10/2024;842619375;Crocus;3;0.45
25/10/2024;269481735;Narcisse;1;0.12
25/10/2024;651982473;Tiare;2;0.59
05/11/2024;482519367;Coquelicot;13;0.41
05/11/2024;275381649;Magnolia;1;2.88
05/11/2024;842619375;Chrysantheme;1;0.41
05/11/2024;503827451;Pensee;1;0.4
05/11/2024;672849135;Lys;4;1.0
05/11/2024;269481735;Tournesol;1;0.26
05/11/2024;503827451;Narcisse;7;0.84
05/11/2024;346198275;Tulipe;4;0.73
05/11/2024;275381649;Paquerette;1;0.17
30/10/2024;842619375;Rose;10;0.57
30/10/2024;275381649;Hortensia;15;1.94
30/10/2024;651982473;Lys;6;0.19
30/10/2024;275381649;Chrysantheme;15;0.32
30/10/2024;482519367;Crocus;20;0.15
30/10/2024;651982473;Magnolia;5;3.69
30/10/2024;482519367;Tiare;1;1.52
30/10/2024;842619375;Coquelicot;2;0.31
30/10/2024;842619375;Tulipe;6;0.6
30/10/2024;503827451;Glaieul;4;0.49
30/10/2024;346198275;Narcisse;2;0.25
30/10/2024;842619375;Oeillet;6;0.17
30/10/2024;482519367;Paquerette;1;0.21
24/10/2024;346198275;Tulipe;2;0.16
24/10/2024;482519367;Oeillet;5;0.26
24/10/2024;651982473;Crocus;10;0.28
24/10/2024;346198275;Hortensia;4;2.55
24/10/2024;503827451;Narcisse;1;1.23
24/10/2024;672849135;Rose;1;0.91
22/10/2024;346198275;Pivoine;7;0.66
22/10/2024;503827451;Hortensia;3;0.79
22/10/2024;275381649;Oeillet;1;0.17
22/10/2024;503827451;Marguerite;5;0.81
22/10/2024;651982473;Paquerette;8;0.48
22/10/2024;269481735;Tournesol;10;0.26
22/10/2024;346198275;Coquelicot;8;0.26
22/10/2024;672849135;Chrysantheme;8;0.47
22/10/2024;651982473;Violette;4;0.29
18/10/2024;651982473;Coquelicot;6;0.43
18/10/2024;275381649;Mimosa;1;0.3
18/10/2024;651982473;Tournesol;1;0.9
18/10/2024;346198275;Lys;1;1.17
18/10/2024;672849135;Chrysantheme;1;0.69
18/10/2024;269481735;Narcisse;2;1.19
18/10/2024;651982473;Tiare;2;2.44
23/10/2024;269481735;Coquelicot;3;0.49
23/10/2024;482519367;Hortensia;5;1.06
23/10/2024;672849135;Paquerette;1;0.12
23/10/2024;842619375;Anemone;2;0.27
23/10/2024;842619375;Violette;7;0.38
23/10/2024;269481735;Oeillet;1;0.64
23/10/2024;651982473;Crocus;1;0.41
06/11/2024;651982473;Mimosa;5;2.43
06/11/2024;842619375;Narcisse;1;0.98
06/11/2024;275381649;Pensee;6;0.64
06/11/2024;275381649;Coquelicot;8;0.26
06/11/2024;503827451;Tournesol;17;0.36
06/11/2024;651982473;Tulipe;8;0.3
06/11/2024;503827451;Crocus;17;0.15
06/11/2024;346198275;Violette;19;0.14
06/11/2024;842619375;Pivoine;3;1.21
04/11/2024;482519367;Coquelicot;2;0.23
04/11/2024;346198275;Tournesol;5;0.31
04/11/2024;346198275;Mimosa;1;2.37
04/11/2024;503827451;Magnolia;3;3.32
04/11/2024;503827451;Oeillet;3;0.22
04/11/2024;269481735;Tiare;2;2.88
21/10/2024;503827451;Mimosa;2;1.52
21/10/2024;275381649;Violette;6;0.48
21/10/2024;651982473;Pivoine;5;1.64
21/10/2024;503827451;Tournesol;3;0.29
21/10/2024;482519367;Tulipe;5;0.26
21/10/2024;269481735;Lys;3;0.84
28/10/2024;651982473;Glaieul;1;0.14
28/10/2024;269481735;Tulipe;6;0.62
28/10/2024;503827451;Pivoine;1;1.07
28/10/2024;482519367;Mimosa;18;0.1
28/10/2024;651982473;Coquelicot;2;0.34
18/11/2024;651982473;Crocus;5;0.5
18/11/2024;482519367;Hortensia;10;3.54
18/11/2024;503827451;Oeillet;18;0.37
18/11/2024;482519367;Magnolia;23;1.92
18/11/2024;482519367;Anemone;7;1.72
18/11/2024;651982473;Glaieul;28;0.57
18/11/2024;672849135;Violette;10;0.37
18/11/2024;275381649;Marguerite;6;0.11
18/11/2024;482519367;Tulipe;12;0.18
18/11/2024;482519367;Lys;14;0.55
18/11/2024;482519367;Pensee;8;0.49
18/11/2024;346198275;Rose;12;0.38
18/11/2024;346198275;Coquelicot;11;0.45
18/11/2024;672849135;Tournesol;1;0.9
18/11/2024;482519367;Mimosa;6;2.44
18/11/2024;269481735;Paquerette;1;0.6
07/11/2024;503827451;Rose;3;0.29
07/11/2024;503827451;Marguerite;1;0.81
07/11/2024;346198275;Tiare;1;2.0
07/11/2024;842619375;Hortensia;1;1.39
22/11/2024;672849135;Coquelicot;4;0.35
22/11/2024;275381649;Pivoine;7;0.95
22/11/2024;269481735;Tiare;4;0.36
22/11/2024;346198275;Tulipe;7;0.36
22/11/2024;269481735;Marguerite;8;0.33
22/11/2024;346198275;Glaieul;8;0.34
22/11/2024;482519367;Crocus;2;0.26
22/11/2024;346198275;Anemone;2;0.27
22/11/2024;651982473;Magnolia;5;3.4
22/11/2024;842619375;Lys;40;1.29
22/11/2024;842619375;Tournesol;4;0.96
22/11/2024;346198275;Rose;4;0.97
22/11/2024;346198275;Hortensia;8;2.73
22/11/2024;503827451;Mimosa;18;1.53
22/11/2024;346198275;Narcisse;9;0.64
22/11/2024;269481735;Oeillet;15;0.34
22/11/2024;482519367;Chrysantheme;4;0.6
22/11/2024;346198275;Pensee;3;0.49
13/11/2024;269481735;Oeillet;11;0.62
13/11/2024;269481735;Marguerite;3;0.91
13/11/2024;346198275;Hortensia;8;1.82
13/11/2024;275381649;Glaieul;1;0.73
13/11/2024;651982473;Tiare;2;1.31
13/11/2024;842619375;Crocus;2;0.47
13/11/2024;503827451;Mimosa;4;1.42
13/11/2024;842619375;Lys;2;0.97
13/11/2024;269481735;Narcisse;6;0.65
13/11/2024;269481735;Pivoine;7;1.24
13/11/2024;346198275;Violette;3;0.36
27/11/2024;503827451;Paquerette;18;0.19
27/11/2024;269481735;Violette;14;0.34
27/11/2024;672849135;Glaieul;1;0.3
27/11/2024;269481735;Magnolia;5;1.72
27/11/2024;482519367;Pivoine;1;0.19
19/11/2024;275381649;Chrysantheme;7;0.26
19/11/2024;672849135;Mimosa;15;2.25
19/11/2024;346198275;Tournesol;1;0.23
20/11/2024;651982473;Coquelicot;16;0.27
20/11/2024;503827451;Tiare;11;2.24
20/11/2024;842619375;Glaieul;1;0.43
20/11/2024;275381649;Lys;2;0.85
20/11/2024;482519367;Magnolia;8;2.2
20/11/2024;672849135;Mimosa;1;0.44
20/11/2024;651982473;Crocus;13;0.17
20/11/2024;269481735;Narcisse;2;0.88
20/11/2024;275381649;Pensee;1;0.3
20/11/2024;275381649;Tulipe;3;0.59
20/11/2024;842619375;Tournesol;1;0.39
28/11/2024;503827451;Paquerette;14;0.56
28/11/2024;269481735;Tiare;25;0.53
28/11/2024;269481735;Coquelicot;1;0.45
28/11/2024;269481735;Tournesol;10;0.39
28/11/2024;269481735;Pivoine;1;1.24
28/11/2024;842619375;Pensee;3;0.27
28/11/2024;346198275;Glaieul;13;0.26
28/11/2024;346198275;Marguerite;4;0.28
28/11/2024;269481735;Rose;2;0.18
28/11/2024;842619375;Magnolia;4;2.63
28/11/2024;672849135;Tulipe;1;0.44
29/11/2024;269481735;Crocus;10;0.44
29/11/2024;482519367;Tournesol;26;0.13
29/11/2024;651982473;Lys;28;0.41
29/11/2024;842619375;Hortensia;17;0.96
29/11/2024;275381649;Chrysantheme;19;0.55
29/11/2024;842619375;Violette;45;0.21
29/11/2024;672849135;Coquelicot;5;0.24
29/11/2024;482519367;Rose;36;0.97
29/11/2024;482519367;Pensee;15;0.53
29/11/2024;269481735;Oeillet;5;0.74
29/11/2024;651982473;Narcisse;22;1.0
29/11/2024;503827451;Tulipe;27;0.7
29/11/2024;842619375;Tiare;13;2.08
29/11/2024;651982473;Mimosa;4;1.43
29/11/2024;346198275;Marguerite;16;0.58
29/11/2024;842619375;Magnolia;10;1.58
29/11/2024;651982473;Anemone;3;1.09
29/11/2024;346198275;Pivoine;2;1.94
29/11/2024;269481735;Paquerette;3;0.19
14/11/2024;482519367;Pivoine;3;1.95
14/11/2024;269481735;Chrysantheme;5;0.43
14/11/2024;842619375;Glaieul;5;0.82
14/11/2024;842619375;Hortensia;17;0.33
14/11/2024;651982473;Oeillet;1;0.19
19/06/2025;275381649;Violette;8;0.2
19/06/2025;672849135;Pensee;9;0.32
19/06/2025;269481735;Glaieul;2;0.59
19/06/2025;672849135;Anemone;8;1.28
19/06/2025;503827451;Tulipe;7;0.5
19/06/2025;651982473;Paquerette;10;0.28
19/06/2025;346198275;Pivoine;1;0.79
19/06/2025;672849135;Chrysantheme;1;0.11
20/06/2025;346198275;Crocus;3;0.26
20/06/2025;842619375;Lys;2;0.64
20/06/2025;346198275;Hortensia;1;3.9
01/07/2025;269481735;Lys;13;1.4
01/07/2025;269481735;Rose;10;0.88
01/07/2025;482519367;Pensee;4;0.2
01/07/2025;346198275;Chrysantheme;6;0.89
01/07/2025;275381649;Tulipe;14;0.37
01/07/2025;269481735;Mimosa;8;0.86
01/07/2025;651982473;Tournesol;1;0.74
01/07/2025;651982473;Narcisse;2;0.14
01/07/2025;651982473;Coquelicot;7;0.33
01/07/2025;651982473;Tiare;14;2.51
01/07/2025;346198275;Hortensia;6;0.63
01/07/2025;346198275;Pivoine;2;1.96
18/06/2025;503827451;Tournesol;22;0.3
18/06/2025;842619375;Paquerette;1;0.29
18/06/2025;269481735;Anemone;10;0.94
18/06/2025;269481735;Marguerite;7;0.7
18/06/2025;482519367;Narcisse;1;0.18
18/06/2025;346198275;Glaieul;4;0.92
18/06/2025;651982473;Chrysantheme;3;0.17
18/06/2025;672849135;Pensee;8;0.21
18/06/2025;269481735;Oeillet;2;0.58
18/06/2025;651982473;Violette;16;0.33
16/06/2025;651982473;Narcisse;15;1.0
16/06/2025;482519367;Tulipe;5;0.57
16/06/2025;269481735;Pensee;6;0.3
16/06/2025;503827451;Magnolia;1;3.65
16/06/2025;275381649;Marguerite;1;0.64
16/06/2025;503827451;Pivoine;6;1.93
16/06/2025;503827451;Rose;20;0.36
16/06/2025;503827451;Lys;7;0.5
16/06/2025;346198275;Anemone;18;1.2
16/06/2025;672849135;Glaieul;19;0.4
16/06/2025;275381649;Coquelicot;18;0.3
16/06/2025;346198275;Tiare;3;0.69
16/06/2025;482519367;Chrysantheme;1;0.41
16/06/2025;503827451;Mimosa;7;0.93
16/06/2025;651982473;Violette;1;0.22
16/06/2025;651982473;Paquerette;4;0.69
16/06/2025;346198275;Crocus;25;0.29
16/06/2025;503827451;Oeillet;4;0.69
25/06/2025;672849135;Narcisse;7;1.19
25/06/2025;672849135;Violette;1;0.18
25/06/2025;842619375;Oeillet;4;0.11
25/06/2025;275381649;Tulipe;2;0.68
25/06/2025;672849135;Rose;2;0.8
25/06/2025;842619375;Glaieul;4;0.51
25/06/2025;275381649;Marguerite;12;0.48
25/06/2025;275381649;Anemone;1;0.52
25/06/2025;672849135;Magnolia;2;2.23
25/06/2025;503827451;Pivoine;4;0.14
23/06/2025;275381649;Pivoine;11;0.87
23/06/2025;269481735;Magnolia;2;0.19
23/06/2025;503827451;Violette;18;0.32
23/06/2025;651982473;Marguerite;1;0.91
23/06/2025;842619375;Tulipe;4;0.7
23/06/2025;482519367;Pensee;1;0.45
23/06/2025;503827451;Coquelicot;7;0.25
23/06/2025;346198275;Tournesol;3;0.38
23/06/2025;651982473;Crocus;2;0.13
23/06/2025;346198275;Glaieul;8;0.51
23/06/2025;269481735;Rose;1;0.99
23/06/2025;651982473;Chrysantheme;11;0.43
27/06/2025;842619375;Pensee;7;0.64
27/06/2025;672849135;Magnolia;19;1.21
27/06/2025;482519367;Chrysantheme;10;0.33
27/06/2025;651982473;Mimosa;5;2.23
27/06/2025;503827451;Narcisse;10;0.39
27/06/2025;842619375;Violette;14;0.17
27/06/2025;842619375;Rose;1;0.29
27/06/2025;482519367;Lys;6;1.07
27/06/2025;651982473;Tiare;1;0.48
27/06/2025;346198275;Glaieul;4;0.35
27/06/2025;672849135;Pivoine;7;1.95
27/06/2025;672849135;Tulipe;8;0.24
27/06/2025;275381649;Marguerite;12;0.71
27/06/2025;503827451;Anemone;1;1.21
04/07/2025;672849135;Marguerite;16;0.17
04/07/2025;651982473;Pivoine;7;1.21
04/07/2025;269481735;Tiare;3;2.49
04/07/2025;842619375;Violette;14;0.24
04/07/2025;269481735;Oeillet;8;0.3
04/07/2025;672849135;Anemone;5;0.78
04/07/2025;269481735;Tulipe;2;0.29
04/07/2025;269481735;Pensee;5;0.11
04/07/2025;482519367;Rose;1;0.68
04/07/2025;275381649;Mimosa;8;1.04
04/07/2025;482519367;Chrysantheme;1;0.47
26/06/2025;842619375;Tiare;2;1.3
26/06/2025;482519367;Chrysantheme;5;0.25
26/06/2025;269481735;Glaieul;9;0.8
26/06/2025;346198275;Violette;1;0.3
26/06/2025;651982473;Oeillet;5;0.37
26/06/2025;269481735;Narcisse;1;0.25
26/06/2025;269481735;Paquerette;6;0.61
26/06/2025;651982473;Crocus;4;0.46
26/06/2025;672849135;Lys;2;1.42
26/06/2025;269481735;Pensee;1;0.59
26/06/2025;842619375;Hortensia;3;2.79
02/07/2025;672849135;Glaieul;17;0.45
02/07/2025;503827451;Rose;1;0.94
02/07/2025;842619375;Narcisse;2;0.36
02/07/2025;482519367;Tulipe;2;0.32
02/07/2025;651982473;Tournesol;1;0.31
02/07/2025;482519367;Lys;3;0.53
02/07/2025;651982473;Coquelicot;4;0.3
02/07/2025;482519367;Magnolia;5;3.7
02/07/2025;482519367;Anemone;9;1.5
02/07/2025;651982473;Violette;2;0.28
02/07/2025;651982473;Pivoine;12;1.11
02/07/2025;482519367;Tiare;1;0.81
02/07/2025;482519367;Crocus;1;0.37
03/07/2025;275381649;Mimosa;7;1.8
03/07/2025;842619375;Rose;3;0.79
03/07/2025;482519367;Oeillet;4;0.12
03/07/2025;482519367;Tiare;1;1.99
03/07/2025;651982473;Hortensia;5;2.87
03/07/2025;269481735;Pensee;25;0.45
03/07/2025;346198275;Tournesol;12;0.8
03/07/2025;842619375;Narcisse;1;1.22
03/07/2025;346198275;Coquelicot;7;0.11
03/07/2025;269481735;Violette;4;0.38
03/07/2025;275381649;Lys;19;1.07
03/07/2025;842619375;Tulipe;1;0.15
03/07/2025;842619375;Glaieul;3;0.1
03/07/2025;503827451;Crocus;6;0.33
03/07/2025;346198275;Marguerite;10;0.11
03/07/2025;503827451;Chrysantheme;8;0.1
30/06/2025;503827451;Paquerette;16;0.58
30/06/2025;672849135;Chrysantheme;1;0.79
30/06/2025;651982473;Anemone;7;0.3
30/06/2025;275381649;Tulipe;3;0.25
30/06/2025;269481735;Mimosa;1;1.85
10/07/2025;275381649;Marguerite;27;0.78
10/07/2025;482519367;Oeillet;9;0.11
10/07/2025;651982473;Paquerette;4;0.51
10/07/2025;842619375;Crocus;3;0.38
10/07/2025;842619375;Narcisse;1;0.42
10/07/2025;346198275;Tournesol;5;0.25
10/07/2025;269481735;Hortensia;1;2.08
10/07/2025;651982473;Rose;4;0.89
10/07/2025;651982473;Mimosa;2;1.44
10/07/2025;503827451;Coquelicot;13;0.25
10/07/2025;651982473;Pensee;1;0.45
10/07/2025;672849135;Pivoine;9;0.23
10/07/2025;651982473;Tiare;4;2.79
10/07/2025;482519367;Violette;1;0.29
10/07/2025;346198275;Chrysantheme;1;0.41
09/07/2025;651982473;Crocus;12;0.32
09/07/2025;275381649;Pensee;15;0.19
09/07/2025;275381649;Narcisse;13;0.33
09/07/2025;672849135;Rose;23;0.82
09/07/2025;503827451;Chrysantheme;9;0.35
09/07/2025;269481735;Tulipe;2;0.61
09/07/2025;842619375;Marguerite;1;0.12
16/07/2025;672849135;Anemone;23;1.62
16/07/2025;269481735;Rose;9;0.12
16/07/2025;651982473;Tiare;8;0.88
16/07/2025;503827451;Pensee;5;0.65
16/07/2025;672849135;Pivoine;12;1.58
16/07/2025;672849135;Oeillet;8;0.42
16/07/2025;651982473;Narcisse;9;0.62
16/07/2025;275381649;Paquerette;10;0.22
16/07/2025;672849135;Crocus;18;0.11
16/07/2025;503827451;Chrysantheme;2;0.41
16/07/2025;482519367;Magnolia;4;2.32
16/07/2025;651982473;Mimosa;3;0.35
16/07/2025;346198275;Violette;5;0.31
16/07/2025;275381649;Tulipe;2;0.65
16/07/2025;672849135;Marguerite;6;0.15
16/07/2025;842619375;Lys;2;0.7
16/07/2025;346198275;Coquelicot;10;0.24
07/07/2025;672849135;Tournesol;10;0.1
07/07/2025;275381649;Hortensia;15;1.58
07/07/2025;275381649;Coquelicot;2;0.42
07/07/2025;503827451;Anemone;6;1.43
07/07/2025;672849135;Mimosa;14;1.17
07/07/2025;503827451;Tiare;8;2.13
07/07/2025;842619375;Narcisse;4;0.29
07/07/2025;482519367;Rose;7;0.34
07/07/2025;346198275;Marguerite;6;0.71
07/07/2025;651982473;Magnolia;12;2.7
07/07/2025;503827451;Violette;6;0.4
07/07/2025;346198275;Glaieul;7;0.15
07/07/2025;269481735;Paquerette;12;0.35
07/07/2025;269481735;Tulipe;2;0.57
07/07/2025;346198275;Pensee;3;0.66
07/07/2025;482519367;Crocus;3;0.19
22/07/2025;275381649;Narcisse;2;0.66
22/07/2025;651982473;Coquelicot;14;0.18
22/07/2025;275381649;Rose;15;0.64
22/07/2025;346198275;Lys;5;0.26
22/07/2025;651982473;Chrysantheme;1;0.12
22/07/2025;651982473;Violette;8;0.49
22/07/2025;651982473;Anemone;11;1.69
22/07/2025;269481735;Marguerite;1;0.94
22/07/2025;482519367;Tournesol;1;0.75
17/07/2025;672849135;Hortensia;14;3.85
17/07/2025;275381649;Tournesol;8;0.96
17/07/2025;346198275;Rose;2;0.25
17/07/2025;842619375;Tiare;1;2.93
17/07/2025;651982473;Marguerite;1;0.49
23/07/2025;503827451;Chrysantheme;12;0.46
23/07/2025;346198275;Violette;2;0.39
23/07/2025;269481735;Rose;21;0.77
23/07/2025;275381649;Hortensia;8;0.74
23/07/2025;482519367;Narcisse;3;0.34
23/07/2025;672849135;Oeillet;8;0.56
23/07/2025;503827451;Coquelicot;13;0.42
23/07/2025;269481735;Mimosa;18;1.23
23/07/2025;842619375;Paquerette;6;0.44
23/07/2025;482519367;Tiare;4;0.5
23/07/2025;842619375;Pensee;1;0.15
25/07/2025;842619375;Narcisse;10;0.64
25/07/2025;651982473;Mimosa;8;0.57
25/07/2025;503827451;Violette;3;0.37
25/07/2025;651982473;Pivoine;2;1.46
25/07/2025;269481735;Chrysantheme;6;0.26
25/07/2025;672849135;Magnolia;5;1.31
25/07/2025;672849135;Oeillet;2;0.7
25/07/2025;672849135;Hortensia;10;2.2
25/07/2025;651982473;Marguerite;11;0.4
25/07/2025;275381649;Tournesol;5;0.28
25/07/2025;275381649;Tiare;2;0.71
25/07/2025;269481735;Glaieul;6;0.11
25/07/2025;275381649;Pensee;11;0.48
25/07/2025;269481735;Rose;1;0.33
18/07/2025;346198275;Crocus;22;0.39
18/07/2025;672849135;Narcisse;8;1.1
18/07/2025;269481735;Tournesol;1;0.61
18/07/2025;672849135;Hortensia;3;1.63
18/07/2025;672849135;Pivoine;2;2.01
18/07/2025;842619375;Chrysantheme;2;0.68
18/07/2025;503827451;Coquelicot;3;0.14
18/07/2025;651982473;Paquerette;9;0.68
18/07/2025;275381649;Tiare;1;1.81
18/07/2025;842619375;Tulipe;4;0.51
18/07/2025;842619375;Oeillet;16;0.59
29/07/2025;275381649;Tournesol;8;0.73
29/07/2025;842619375;Rose;2;0.73
29/07/2025;275381649;Paquerette;4;0.71
29/07/2025;842619375;Pivoine;5;1.01
29/07/2025;275381649;Narcisse;4;0.38
29/07/2025;275381649;Glaieul;5;0.91
29/07/2025;842619375;Lys;1;0.13
29/07/2025;842619375;Oeillet;6;0.41
29/07/2025;651982473;Chrysantheme;2;0.36
29/07/2025;503827451;Violette;4;0.3
29/07/2025;672849135;Anemone;2;0.35
29/07/2025;275381649;Marguerite;1;0.94
21/07/2025;482519367;Crocus;15;0.45
21/07/2025;503827451;Hortensia;1;1.48
21/07/2025;672849135;Narcisse;1;0.17
21/07/2025;269481735;Lys;9;0.91
21/07/2025;346198275;Marguerite;4;0.47
21/07/2025;651982473;Pivoine;1;1.05
21/07/2025;482519367;Tiare;1;2.27
30/07/2025;346198275;Tournesol;5;0.22
30/07/2025;275381649;Lys;12;0.65
30/07/2025;651982473;Chrysantheme;2;0.85
30/07/2025;503827451;Oeillet;3;0.54
30/07/2025;269481735;Violette;3;0.45
30/07/2025;346198275;Marguerite;8;0.34
30/07/2025;346198275;Magnolia;2;2.38
30/07/2025;672849135;Crocus;6;0.3
30/07/2025;346198275;Coquelicot;8;0.5
30/07/2025;503827451;Mimosa;23;0.57
30/07/2025;842619375;Tiare;1;2.95
30/07/2025;672849135;Rose;8;0.26
30/07/2025;482519367;Hortensia;2;3.18
30/07/2025;275381649;Anemone;6;0.14
30/07/2025;503827451;Pensee;2;0.5
31/07/2025;482519367;Pivoine;24;1.23
31/07/2025;275381649;Rose;21;0.15
31/07/2025;672849135;Paquerette;45;0.46
31/07/2025;269481735;Chrysantheme;12;0.75
31/07/2025;503827451;Mimosa;35;1.56
31/07/2025;651982473;Glaieul;31;0.73
31/07/2025;842619375;Crocus;32;0.49
31/07/2025;482519367;Narcisse;30;0.81
31/07/2025;346198275;Anemone;30;1.27
31/07/2025;482519367;Lys;31;0.49
31/07/2025;503827451;Marguerite;23;0.67
31/07/2025;651982473;Tournesol;39;0.78
31/07/2025;275381649;Oeillet;19;0.18
31/07/2025;503827451;Violette;9;0.46
31/07/2025;275381649;Tiare;9;0.84
31/07/2025;346198275;Magnolia;10;0.33
31/07/2025;275381649;Coquelicot;15;0.4
31/07/2025;503827451;Tulipe;5;0.4
31/07/2025;269481735;Hortensia;17;2.65
31/07/2025;346198275;Pensee;6;0.4
24/07/2025;275381649;Glaieul;7;0.25
24/07/2025;275381649;Violette;5;0.2
24/07/2025;651982473;Pensee;5;0.34
24/07/2025;842619375;Crocus;10;0.46
24/07/2025;269481735;Magnolia;8;1.86
24/07/2025;275381649;Tournesol;3;0.36
24/07/2025;346198275;Oeillet;12;0.22
24/07/2025;269481735;Narcisse;5;0.4
24/07/2025;482519367;Pivoine;5;2.23
