numCommande;numBouquet;nbrBouquets;nomFleur;nbrFleurs
1;1;1;Hortensia;6
;;;Paquerette;4
;;;Tiare;1
2;1;1;Chrysantheme;16
;;;Marguerite;1
2;2;2;Violette;7
;;;Chrysantheme;2
;;;Coquelicot;1
;;;Magnolia;4
;;;Pensee;1
3;1;1;Pivoine;16
;;;Tulipe;2
3;2;1;Narcisse;14
;;;Tiare;1
;;;Tournesol;3
;;;Tulipe;1
3;3;3;Crocus;4
;;;Pivoine;1
4;1;1;Tiare;5
;;;Lys;3
;;;Oeillet;1
;;;Narcisse;1
;;;Hortensia;1
4;2;1;Marguerite;14
;;;Mimosa;2
;;;Lys;1
5;1;1;Narcisse;8
;;;Glaieul;9
;;;Rose;1
5;2;3;Marguerite;19
;;;Narcisse;1
6;1;1;Hortensia;11
;;;Chrysantheme;1
;;;Magnolia;4
;;;Oeillet;1
6;2;4;Hortensia;4
;;;Tournesol;2
;;;Pivoine;1
7;1;1;Marguerite;3
;;;Tiare;1
;;;Mimosa;12
;;;Anemone;2
;;;Pensee;1
7;2;2;Oeillet;2
;;;Lys;4
7;3;1;Hortensia;8
;;;Paquerette;4
;;;Coquelicot;1
7;4;2;Tiare;1
;;;Hortensia;5
;;;Narcisse;3
;;;Coquelicot;1
;;;Chrysantheme;1
8;1;1;Tournesol;1
;;;Chrysantheme;4
;;;Magnolia;5
;;;Pivoine;1
8;2;2;Mimosa;11
;;;Rose;2
9;1;1;Mimosa;1
;;;Coquelicot;2
;;;Marguerite;2
;;;Lys;1
9;2;1;Chrysantheme;6
;;;Tiare;1
9;3;2;Lys;12
;;;Tulipe;4
10;1;1;Tiare;13
;;;Anemone;1
10;2;3;Crocus;7
;;;Narcisse;1
;;;Tulipe;1
;;;Chrysantheme;2
11;1;1;Rose;1
;;;Pivoine;2
;;;Marguerite;1
;;;Tiare;3
12;1;1;Lys;3
;;;Pensee;5
;;;Mimosa;3
;;;Marguerite;2
;;;Hortensia;1
12;2;1;Narcisse;2
;;;Crocus;4
;;;Violette;2
;;;Tulipe;2
12;3;1;Rose;2
;;;Tournesol;2
;;;Paquerette;1
12;4;1;Lys;10
;;;Magnolia;1
12;5;3;Mimosa;7
;;;Hortensia;2
;;;Violette;1
13;1;1;Magnolia;18
;;;Pivoine;1
;;;Narcisse;1
13;2;3;Crocus;2
;;;Lys;7
;;;Rose;5
;;;Hortensia;1
;;;Paquerette;3
14;1;1;Tiare;7
;;;Hortensia;6
;;;Oeillet;1
;;;Mimosa;2
15;1;1;Pivoine;4
;;;Paquerette;3
;;;Hortensia;1
15;2;5;Paquerette;14
16;1;1;Narcisse;8
;;;Crocus;4
;;;Lys;2
16;2;2;Paquerette;5
;;;Crocus;1
17;1;1;Narcisse;2
;;;Violette;1
;;;Oeillet;1
;;;Chrysantheme;1
17;2;1;Anemone;2
;;;Paquerette;3
17;3;3;Violette;1
;;;Mimosa;3
;;;Pivoine;4
18;1;1;Tournesol;16
;;;Marguerite;1
;;;Lys;1
;;;Rose;1
18;2;2;Pivoine;10
;;;Tiare;1
18;3;4;Marguerite;6
19;1;1;Anemone;10
;;;Lys;1
;;;Tournesol;1
;;;Violette;1
19;2;1;Magnolia;4
;;;Mimosa;2
;;;Marguerite;1
19;3;1;Tulipe;3
;;;Pivoine;2
;;;Glaieul;1
19;4;1;Hortensia;1
;;;Marguerite;6
;;;Paquerette;1
19;5;2;Chrysantheme;3
;;;Anemone;7
;;;Tournesol;1
20;1;1;Pivoine;4
;;;Oeillet;1
;;;Tournesol;1
;;;Paquerette;1
20;2;1;Lys;7
;;;Chrysantheme;2
;;;Mimosa;1
;;;Glaieul;1
20;3;1;Anemone;3
;;;Tiare;5
;;;Pensee;3
;;;Coquelicot;1
;;;Glaieul;3
;;;Paquerette;1
;;;Rose;1
20;4;2;Rose;2
;;;Lys;5
;;;Tulipe;2
21;1;1;Paquerette;2
;;;Magnolia;2
;;;Tournesol;1
21;2;1;Crocus;20
21;3;3;Coquelicot;10
22;1;1;Tournesol;5
;;;Coquelicot;3
22;2;3;Chrysantheme;5
;;;Tiare;2
;;;Anemone;1
23;1;1;Anemone;5
;;;Tulipe;2
;;;Mimosa;1
23;2;1;Chrysantheme;1
;;;Marguerite;5
;;;Violette;5
23;3;4;Narcisse;1
;;;Tulipe;6
24;1;1;Anemone;3
;;;Magnolia;3
;;;Pivoine;1
;;;Glaieul;1
;;;Violette;1
24;2;2;Mimosa;15
;;;Marguerite;1
;;;Rose;2
;;;Pivoine;1
24;3;3;Magnolia;4
;;;Tiare;2
25;1;1;Violette;5
25;2;1;Anemone;20
25;3;3;Mimosa;9
;;;Pensee;1
25;4;2;Rose;7
;;;Glaieul;7
26;1;1;Violette;1
;;;Magnolia;1
;;;Oeillet;3
;;;Tournesol;3
;;;Tulipe;2
26;2;4;Paquerette;5
;;;Coquelicot;1
;;;Mimosa;2
27;1;1;Tulipe;4
;;;Paquerette;3
;;;Pivoine;3
;;;Violette;1
28;1;1;Anemone;7
;;;Marguerite;5
28;2;3;Chrysantheme;3
;;;Mimosa;5
;;;Tulipe;6
;;;Narcisse;1
;;;Coquelicot;4
;;;Anemone;1
29;1;1;Tournesol;10
29;2;1;Paquerette;2
;;;Hortensia;3
;;;Mimosa;3
;;;Magnolia;1
;;;Lys;1
;;;Tulipe;1
29;3;2;Glaieul;7
;;;Hortensia;10
;;;Lys;2
30;1;1;Mimosa;10
;;;Marguerite;1
;;;Hortensia;8
;;;Magnolia;1
30;2;2;Mimosa;5
;;;Anemone;8
;;;Glaieul;3
31;1;1;Paquerette;4
;;;Coquelicot;4
;;;Crocus;1
31;2;3;Anemone;3
;;;Paquerette;1
;;;Narcisse;1
32;1;1;Paquerette;10
;;;Hortensia;1
32;2;2;Chrysantheme;2
;;;Violette;8
;;;Glaieul;1
;;;Lys;1
33;1;1;Paquerette;8
;;;Lys;1
33;2;1;Chrysantheme;5
;;;Glaieul;3
;;;Tulipe;1
33;3;1;Coquelicot;12
33;4;2;Violette;11
;;;Lys;2
;;;Rose;1
;;;Marguerite;1
;;;Pensee;2
34;1;1;Tiare;11
;;;Hortensia;2
;;;Pensee;1
34;2;2;Violette;4
;;;Marguerite;11
;;;Oeillet;1
34;3;2;Rose;9
;;;Coquelicot;9
;;;Tournesol;1
35;1;1;Oeillet;3
;;;Mimosa;2
;;;Anemone;12
;;;Tulipe;1
35;2;2;Mimosa;7
;;;Crocus;5
;;;Anemone;1
36;1;1;Marguerite;2
;;;Paquerette;3
;;;Mimosa;2
;;;Tulipe;1
36;2;3;Pensee;4
;;;Oeillet;2
;;;Tournesol;1
37;1;1;Lys;4
;;;Narcisse;1
;;;Paquerette;2
;;;Pivoine;1
37;2;1;Narcisse;6
;;;Lys;3
;;;Anemone;1
37;3;3;Narcisse;11
;;;Rose;2
;;;Anemone;2
;;;Glaieul;3
38;1;1;Marguerite;8
;;;Lys;2
38;2;2;Magnolia;5
;;;Mimosa;4
;;;Crocus;10
38;3;3;Tulipe;7
;;;Pensee;1
39;1;1;Tulipe;14
;;;Violette;4
39;2;1;Glaieul;5
;;;Chrysantheme;2
;;;Anemone;1
39;3;3;Magnolia;8
;;;Oeillet;11
40;1;1;Coquelicot;5
40;2;6;Lys;11
;;;Oeillet;3
;;;Tulipe;6
41;1;1;Mimosa;12
;;;Pensee;3
;;;Violette;1
;;;Chrysantheme;2
41;2;2;Pensee;4
;;;Coquelicot;3
;;;Tulipe;1
41;3;2;Lys;4
;;;Oeillet;7
;;;Tulipe;1
41;4;1;Chrysantheme;6
;;;Mimosa;3
;;;Hortensia;1
;;;Oeillet;1
;;;Crocus;1
42;1;1;Hortensia;3
;;;Tulipe;4
;;;Oeillet;1
42;2;2;Magnolia;2
;;;Tiare;2
;;;Marguerite;1
43;1;1;Oeillet;3
;;;Pivoine;1
;;;Crocus;1
43;2;2;Lys;5
;;;Oeillet;11
44;1;1;Oeillet;5
;;;Tulipe;1
;;;Pivoine;1
;;;Magnolia;1
;;;Marguerite;2
;;;Coquelicot;1
44;2;3;Chrysantheme;1
;;;Violette;4
;;;Anemone;15
45;1;1;Glaieul;6
;;;Tiare;1
;;;Violette;4
45;2;3;Tulipe;7
46;1;1;Tiare;14
;;;Paquerette;2
;;;Violette;3
46;2;1;Rose;10
;;;Glaieul;4
;;;Crocus;1
;;;Hortensia;1
46;3;2;Tournesol;16
;;;Anemone;1
;;;Glaieul;1
;;;Marguerite;1
46;4;2;Tiare;1
;;;Glaieul;1
;;;Tulipe;1
;;;Magnolia;4
47;1;1;Rose;5
47;2;2;Pivoine;15
;;;Chrysantheme;1
;;;Anemone;2
47;3;1;Coquelicot;3
;;;Narcisse;7
;;;Pensee;3
47;4;2;Magnolia;12
;;;Marguerite;1
;;;Paquerette;2
;;;Glaieul;1
;;;Tournesol;1
48;1;1;Pensee;1
;;;Chrysantheme;8
;;;Pivoine;1
48;2;6;Chrysantheme;4
;;;Rose;3
;;;Mimosa;2
49;1;1;Paquerette;5
;;;Chrysantheme;2
;;;Tiare;3
50;1;1;Crocus;4
;;;Hortensia;1
;;;Pensee;2
;;;Paquerette;3
;;;Lys;1
;;;Oeillet;1
50;2;5;Tournesol;12
51;1;1;Chrysantheme;9
;;;Marguerite;6
;;;Pivoine;2
;;;Narcisse;1
;;;Anemone;1
51;2;1;Anemone;8
;;;Chrysantheme;5
;;;Tournesol;2
51;3;2;Anemone;7
;;;Pivoine;6
;;;Pensee;1
52;1;1;Mimosa;13
;;;Pivoine;2
;;;Tulipe;1
52;2;2;Tournesol;3
;;;Tiare;6
;;;Pivoine;1
;;;Magnolia;6
;;;Violette;1
52;3;3;Coquelicot;5
53;1;1;Glaieul;14
;;;Hortensia;5
;;;Oeillet;1
53;2;6;Tournesol;10
54;1;1;Tulipe;4
;;;Mimosa;13
;;;Oeillet;1
54;2;3;Narcisse;1
;;;Tiare;2
;;;Coquelicot;3
55;1;1;Tulipe;4
;;;Rose;2
55;2;1;Magnolia;5
;;;Pivoine;6
;;;Anemone;2
;;;Mimosa;1
55;3;5;Marguerite;7
;;;Hortensia;8
56;1;1;Rose;7
;;;Pivoine;2
;;;Narcisse;1
57;1;1;Tulipe;2
;;;Marguerite;1
;;;Mimosa;4
;;;Lys;12
57;2;2;Coquelicot;18
;;;Marguerite;1
;;;Paquerette;1
57;3;2;Glaieul;7
58;1;1;Rose;1
;;;Lys;6
;;;Coquelicot;3
;;;Pensee;1
58;2;2;Marguerite;4
;;;Anemone;2
;;;Hortensia;1
59;1;1;Tournesol;18
;;;Paquerette;1
59;2;4;Tournesol;7
;;;Oeillet;1
;;;Lys;1
60;1;1;Chrysantheme;5
;;;Glaieul;6
;;;Anemone;7
;;;Tiare;1
60;2;1;Tournesol;1
;;;Marguerite;4
;;;Oeillet;5
;;;Violette;1
;;;Tulipe;1
61;1;1;Magnolia;9
;;;Pivoine;5
61;2;4;Violette;7
;;;Hortensia;3
;;;Oeillet;1
62;1;1;Hortensia;3
;;;Paquerette;1
;;;Glaieul;1
;;;Violette;2
;;;Coquelicot;1
62;2;1;Coquelicot;1
;;;Violette;1
;;;Chrysantheme;1
;;;Pivoine;2
62;3;2;Chrysantheme;3
;;;Hortensia;5
62;4;3;Hortensia;14
;;;Marguerite;2
63;1;1;Lys;14
;;;Violette;1
;;;Chrysantheme;1
63;2;3;Tournesol;1
;;;Pensee;2
;;;Paquerette;2
;;;Crocus;1
64;1;1;Paquerette;7
64;2;2;Tiare;3
;;;Magnolia;2
65;1;1;Tiare;5
;;;Lys;1
;;;Narcisse;1
65;2;1;Marguerite;7
;;;Coquelicot;1
;;;Chrysantheme;1
65;3;5;Lys;5
;;;Glaieul;1
66;1;1;Violette;3
;;;Crocus;2
;;;Chrysantheme;1
;;;Hortensia;3
;;;Pivoine;1
66;2;2;Rose;2
;;;Pensee;1
;;;Hortensia;1
;;;Lys;6
;;;Narcisse;1
;;;Tiare;1
;;;Mimosa;2
;;;Pivoine;2
67;1;1;Paquerette;1
;;;Pensee;4
;;;Pivoine;1
;;;Rose;1
67;2;4;Crocus;8
;;;Pivoine;6
;;;Tiare;2
;;;Oeillet;1
68;1;1;Crocus;1
;;;Tiare;10
;;;Narcisse;4
68;2;5;Tiare;4
;;;Oeillet;3
;;;Glaieul;4
;;;Crocus;1
69;1;1;Anemone;2
;;;Crocus;10
;;;Lys;3
69;2;2;Crocus;13
;;;Tiare;5
;;;Oeillet;1
70;1;1;Anemone;7
;;;Mimosa;4
;;;Chrysantheme;2
;;;Pensee;3
;;;Pivoine;3
70;2;2;Paquerette;1
;;;Lys;11
;;;Mimosa;3
;;;Narcisse;1
;;;Pivoine;2
;;;Oeillet;1
;;;Rose;1
71;1;1;Violette;5
;;;Marguerite;6
;;;Chrysantheme;1
71;2;1;Lys;4
;;;Tournesol;1
;;;Coquelicot;3
71;3;1;Hortensia;5
;;;Magnolia;1
;;;Narcisse;2
;;;Paquerette;2
71;4;1;Anemone;1
;;;Mimosa;4
;;;Pensee;1
;;;Paquerette;1
72;1;1;Pensee;11
;;;Glaieul;2
;;;Paquerette;3
;;;Coquelicot;1
72;2;1;Chrysantheme;8
;;;Paquerette;10
;;;Magnolia;1
72;3;3;Oeillet;4
;;;Pensee;1
73;1;1;Tulipe;2
;;;Crocus;2
;;;Pivoine;1
;;;Coquelicot;1
;;;Rose;1
;;;Marguerite;1
73;2;2;Mimosa;4
;;;Paquerette;2
;;;Coquelicot;1
73;3;4;Paquerette;18
74;1;1;Oeillet;8
;;;Hortensia;1
74;2;3;Hortensia;15
74;3;3;Crocus;7
;;;Chrysantheme;2
;;;Rose;6
;;;Pivoine;1
;;;Tulipe;2
75;1;1;Tournesol;11
;;;Tiare;8
75;2;4;Anemone;11
;;;Glaieul;3
;;;Pivoine;1
76;1;1;Tournesol;13
;;;Oeillet;2
;;;Coquelicot;1
76;2;2;Pensee;6
76;3;1;Tiare;11
77;1;1;Paquerette;8
;;;Coquelicot;2
;;;Oeillet;1
;;;Narcisse;2
;;;Magnolia;1
77;2;2;Tulipe;6
;;;Rose;2
;;;Coquelicot;8
;;;Tournesol;3
78;1;1;Glaieul;3
;;;Tournesol;1
;;;Hortensia;9
;;;Lys;2
79;1;1;Coquelicot;8
;;;Tiare;5
;;;Chrysantheme;2
;;;Crocus;1
80;1;1;Oeillet;1
;;;Mimosa;6
;;;Crocus;1
80;2;1;Chrysantheme;3
;;;Lys;2
;;;Anemone;2
80;3;2;Mimosa;6
;;;Paquerette;1
;;;Marguerite;3
80;4;1;Pivoine;14
;;;Narcisse;2
80;5;2;Crocus;9
;;;Paquerette;2
81;1;1;Oeillet;15
;;;Glaieul;3
81;2;2;Tournesol;3
;;;Mimosa;13
;;;Hortensia;1
;;;Tiare;1
81;3;1;Chrysantheme;5
;;;Hortensia;2
81;4;1;Hortensia;3
;;;Tulipe;1
;;;Narcisse;1
;;;Violette;1
81;5;2;Rose;19
82;1;1;Glaieul;15
82;2;2;Anemone;5
;;;Oeillet;3
;;;Tournesol;1
;;;Mimosa;1
82;3;1;Pivoine;2
;;;Glaieul;7
;;;Tiare;1
;;;Tulipe;1
82;4;3;Tiare;15
;;;Pensee;1
;;;Narcisse;1
;;;Anemone;1
83;1;1;Rose;4
;;;Magnolia;3
;;;Lys;3
83;2;2;Pensee;8
;;;Tournesol;3
83;3;3;Magnolia;5
;;;Rose;1
;;;Oeillet;2
84;1;1;Tulipe;3
;;;Magnolia;11
;;;Oeillet;1
;;;Lys;2
84;2;2;Narcisse;3
;;;Tiare;2
85;1;1;Crocus;1
;;;Pivoine;3
;;;Coquelicot;1
85;2;2;Hortensia;10
86;1;1;Tiare;4
;;;Tournesol;9
;;;Rose;2
;;;Tulipe;5
86;2;1;Coquelicot;15
;;;Oeillet;2
;;;Magnolia;1
86;3;2;Paquerette;16
;;;Mimosa;2
;;;Narcisse;1
87;1;1;Violette;12
;;;Crocus;3
;;;Hortensia;1
87;2;1;Marguerite;3
;;;Violette;7
;;;Tulipe;1
;;;Hortensia;1
87;3;2;Coquelicot;3
;;;Hortensia;4
;;;Pivoine;1
;;;Chrysantheme;4
88;1;1;Glaieul;1
;;;Crocus;6
;;;Magnolia;3
88;2;4;Lys;1
;;;Chrysantheme;5
;;;Tulipe;3
;;;Mimosa;1
89;1;1;Glaieul;4
;;;Pivoine;6
89;2;1;Marguerite;7
;;;Pivoine;11
89;3;1;Crocus;8
89;4;3;Glaieul;13
;;;Crocus;1
;;;Mimosa;5
90;1;1;Coquelicot;5
;;;Oeillet;1
;;;Magnolia;2
90;2;2;Magnolia;4
;;;Coquelicot;12
;;;Rose;1
90;3;1;Violette;4
;;;Pivoine;2
;;;Rose;6
;;;Tournesol;1
90;4;2;Tiare;3
;;;Rose;3
;;;Violette;5
91;1;1;Anemone;5
;;;Narcisse;1
91;2;1;Oeillet;6
;;;Hortensia;6
;;;Tiare;7
;;;Narcisse;1
91;3;4;Paquerette;1
;;;Narcisse;3
;;;Tournesol;1
92;1;1;Crocus;12
92;2;1;Marguerite;2
;;;Magnolia;4
;;;Lys;3
;;;Pivoine;4
;;;Coquelicot;1
93;1;1;Tournesol;14
;;;Oeillet;2
;;;Pivoine;3
93;2;1;Coquelicot;6
;;;Lys;8
;;;Crocus;2
93;3;2;Narcisse;11
;;;Anemone;1
;;;Crocus;1
94;1;1;Paquerette;6
94;2;5;Hortensia;7
;;;Glaieul;1
95;1;1;Pivoine;9
;;;Crocus;8
95;2;2;Marguerite;15
;;;Tournesol;3
96;1;1;Tiare;11
;;;Tournesol;1
;;;Anemone;3
;;;Tulipe;1
96;2;2;Pensee;6
;;;Crocus;1
96;3;3;Marguerite;11
;;;Rose;8
;;;Tournesol;1
97;1;1;Magnolia;9
;;;Narcisse;1
97;2;3;Crocus;7
;;;Oeillet;5
98;1;1;Tulipe;5
;;;Anemone;14
98;2;3;Hortensia;1
;;;Anemone;5
;;;Paquerette;1
98;3;2;Tiare;10
;;;Pivoine;5
99;1;1;Tiare;10
;;;Pensee;1
;;;Narcisse;2
;;;Pivoine;3
;;;Tulipe;1
100;1;1;Paquerette;14
100;2;5;Narcisse;5
;;;Marguerite;7
;;;Tournesol;1
101;1;1;Pivoine;8
;;;Narcisse;1
;;;Pensee;1
101;2;1;Lys;5
;;;Pivoine;3
;;;Tulipe;5
;;;Chrysantheme;1
101;3;2;Paquerette;15
101;4;2;Hortensia;1
;;;Tournesol;1
;;;Tulipe;1
;;;Magnolia;1
;;;Violette;4
102;1;1;Crocus;1
;;;Tiare;11
;;;Tulipe;1
;;;Tournesol;3
;;;Pensee;2
103;1;1;Tournesol;2
;;;Anemone;3
103;2;6;Chrysantheme;3
;;;Oeillet;4
;;;Coquelicot;1
;;;Crocus;1
;;;Tournesol;1
104;1;1;Oeillet;1
;;;Rose;8
;;;Mimosa;5
;;;Narcisse;1
;;;Pensee;1
105;1;1;Pensee;2
;;;Chrysantheme;6
;;;Marguerite;1
105;2;4;Oeillet;8
;;;Hortensia;3
;;;Tiare;3
;;;Anemone;1
106;1;1;Anemone;8
;;;Violette;3
;;;Tiare;3
;;;Glaieul;1
;;;Lys;1
;;;Hortensia;1
106;2;1;Magnolia;5
;;;Tulipe;2
;;;Oeillet;2
106;3;3;Coquelicot;5
;;;Paquerette;13
107;1;1;Paquerette;12
;;;Tulipe;1
;;;Mimosa;1
107;2;5;Mimosa;3
;;;Glaieul;7
108;1;1;Hortensia;9
;;;Rose;1
;;;Oeillet;1
108;2;3;Narcisse;13
;;;Coquelicot;1
108;3;1;Pensee;7
;;;Narcisse;5
;;;Chrysantheme;1
;;;Glaieul;1
109;1;1;Crocus;5
;;;Lys;2
;;;Narcisse;1
;;;Magnolia;5
;;;Pivoine;1
;;;Pensee;1
109;2;1;Marguerite;1
;;;Tiare;15
;;;Mimosa;2
;;;Coquelicot;2
109;3;1;Pensee;2
;;;Hortensia;2
;;;Magnolia;2
109;4;1;Narcisse;2
;;;Marguerite;3
110;1;1;Pensee;5
;;;Tulipe;3
;;;Lys;3
110;2;1;Coquelicot;3
;;;Violette;1
;;;Pensee;2
110;3;1;Pensee;6
;;;Oeillet;12
;;;Lys;1
111;1;1;Pensee;11
;;;Violette;1
;;;Narcisse;6
111;2;1;Tournesol;6
;;;Tiare;1
;;;Chrysantheme;7
111;3;1;Anemone;16
112;1;1;Rose;11
;;;Tulipe;3
;;;Crocus;2
112;2;3;Anemone;2
;;;Paquerette;2
;;;Tulipe;1
112;3;1;Oeillet;10
;;;Pensee;7
113;1;1;Paquerette;3
;;;Pivoine;11
;;;Tulipe;5
113;2;2;Crocus;8
114;1;1;Coquelicot;7
;;;Rose;7
;;;Paquerette;1
;;;Hortensia;1
114;2;2;Paquerette;2
;;;Glaieul;3
;;;Hortensia;1
114;3;2;Pivoine;5
115;1;1;Pivoine;15
;;;Narcisse;2
115;2;3;Glaieul;6
;;;Violette;6
;;;Mimosa;1
116;1;1;Coquelicot;2
;;;Narcisse;11
;;;Pensee;2
116;2;1;Pensee;9
;;;Crocus;1
;;;Coquelicot;2
;;;Narcisse;1
117;1;1;Lys;3
;;;Paquerette;5
117;2;2;Hortensia;8
;;;Marguerite;11
118;1;1;Rose;8
;;;Marguerite;2
118;2;5;Tournesol;6
119;1;1;Tournesol;16
;;;Magnolia;1
;;;Pivoine;1
;;;Chrysantheme;2
119;2;1;Coquelicot;3
;;;Marguerite;2
;;;Narcisse;1
;;;Tiare;1
119;3;1;Violette;7
;;;Crocus;3
;;;Glaieul;4
119;4;1;Chrysantheme;1
;;;Magnolia;3
;;;Marguerite;5
;;;Glaieul;1
;;;Oeillet;1
120;1;1;Narcisse;1
;;;Tiare;6
;;;Coquelicot;3
;;;Paquerette;2
120;2;3;Crocus;1
;;;Chrysantheme;4
;;;Pensee;1
120;3;2;Pivoine;10
;;;Violette;2
;;;Crocus;1
121;1;1;Anemone;19
121;2;1;Pivoine;1
;;;Chrysantheme;11
;;;Pensee;1
;;;Narcisse;1
121;3;2;Pensee;8
;;;Lys;2
122;1;1;Tournesol;4
;;;Mimosa;5
;;;Rose;1
122;2;3;Chrysantheme;3
;;;Rose;4
;;;Magnolia;1
123;1;1;Marguerite;6
;;;Magnolia;2
123;2;2;Pivoine;6
;;;Paquerette;1
;;;Pensee;1
;;;Marguerite;1
124;1;1;Pivoine;4
;;;Tournesol;2
124;2;1;Magnolia;7
;;;Anemone;5
124;3;2;Crocus;6
;;;Marguerite;5
;;;Coquelicot;2
125;1;1;Rose;1
;;;Magnolia;4
;;;Tiare;5
;;;Mimosa;1
;;;Paquerette;2
;;;Coquelicot;4
;;;Marguerite;1
125;2;1;Lys;12
;;;Oeillet;6
125;3;4;Crocus;11
;;;Paquerette;1
126;1;1;Paquerette;6
;;;Tiare;1
;;;Lys;1
126;2;1;Paquerette;7
;;;Glaieul;2
;;;Coquelicot;5
126;3;2;Coquelicot;16
127;1;1;Tournesol;1
;;;Pensee;2
;;;Tulipe;3
;;;Paquerette;2
;;;Rose;1
;;;Tiare;3
;;;Pivoine;1
127;2;2;Narcisse;7
;;;Tiare;5
128;1;1;Rose;9
128;2;2;Pivoine;2
;;;Pensee;3
129;1;1;Anemone;7
;;;Oeillet;4
;;;Tournesol;4
;;;Pensee;1
;;;Magnolia;2
;;;Rose;1
;;;Pivoine;1
129;2;1;Pensee;4
;;;Violette;1
129;3;1;Tiare;6
;;;Coquelicot;11
;;;Tulipe;1
;;;Magnolia;1
129;4;3;Glaieul;5
;;;Mimosa;2
;;;Oeillet;2
;;;Lys;1
130;1;1;Narcisse;8
;;;Chrysantheme;6
;;;Anemone;1
130;2;1;Pivoine;1
;;;Tulipe;8
;;;Chrysantheme;2
;;;Rose;2
;;;Tournesol;1
130;3;2;Hortensia;10
;;;Pensee;2
131;1;1;Glaieul;4
;;;Tiare;1
;;;Lys;1
131;2;2;Tulipe;3
;;;Marguerite;13
;;;Chrysantheme;1
;;;Narcisse;2
;;;Anemone;1
132;1;1;Marguerite;11
;;;Pivoine;1
;;;Coquelicot;1
132;2;1;Mimosa;8
;;;Rose;7
132;3;1;Coquelicot;3
;;;Violette;4
;;;Lys;1
;;;Narcisse;1
132;4;2;Chrysantheme;1
;;;Violette;9
132;5;1;Glaieul;5
;;;Marguerite;1
133;1;1;Chrysantheme;3
;;;Pivoine;2
;;;Glaieul;1
;;;Rose;3
133;2;3;Magnolia;8
;;;Crocus;2
134;1;1;Rose;2
;;;Narcisse;10
;;;Lys;5
134;2;1;Marguerite;4
;;;Pivoine;1
;;;Glaieul;1
135;1;1;Lys;17
135;2;4;Paquerette;7
;;;Violette;10
;;;Marguerite;1
136;1;1;Pivoine;6
;;;Crocus;5
;;;Chrysantheme;2
;;;Coquelicot;2
137;1;1;Chrysantheme;4
;;;Rose;3
;;;Lys;11
138;1;1;Paquerette;10
139;1;1;Violette;9
;;;Marguerite;1
;;;Tulipe;1
139;2;2;Tiare;2
;;;Anemone;4
;;;Tournesol;10
;;;Magnolia;1
;;;Oeillet;1
140;1;1;Chrysantheme;17
;;;Anemone;1
140;2;1;Lys;3
;;;Mimosa;5
140;3;5;Crocus;2
;;;Paquerette;4
;;;Narcisse;1
;;;Chrysantheme;1
141;1;1;Paquerette;8
;;;Chrysantheme;3
;;;Lys;1
141;2;3;Magnolia;9
;;;Narcisse;3
;;;Glaieul;1
142;1;1;Tulipe;7
142;2;4;Hortensia;7
;;;Marguerite;2
142;3;1;Chrysantheme;13
;;;Pensee;5
143;1;1;Glaieul;4
;;;Tournesol;2
;;;Violette;2
;;;Paquerette;1
;;;Chrysantheme;1
143;2;5;Anemone;8
;;;Magnolia;8
;;;Chrysantheme;1
144;1;1;Marguerite;8
;;;Pensee;1
144;2;5;Tiare;14
;;;Coquelicot;3
145;1;1;Marguerite;3
;;;Glaieul;2
;;;Narcisse;2
145;2;2;Coquelicot;2
;;;Marguerite;3
146;1;1;Rose;2
;;;Magnolia;14
146;2;2;Narcisse;8
;;;Magnolia;1
;;;Mimosa;1
;;;Hortensia;1
;;;Lys;2
147;1;1;Pivoine;9
;;;Magnolia;5
;;;Pensee;5
147;2;1;Mimosa;15
;;;Anemone;1
;;;Tiare;3
147;3;5;Lys;13
;;;Narcisse;2
;;;Violette;1
148;1;1;Crocus;9
;;;Marguerite;1
;;;Pensee;1
148;2;2;Tiare;6
;;;Tournesol;7
;;;Hortensia;2
149;1;1;Pivoine;5
;;;Chrysantheme;2
;;;Mimosa;2
149;2;2;Tiare;2
;;;Paquerette;10
;;;Rose;1
;;;Coquelicot;2
;;;Narcisse;2
;;;Tournesol;1
;;;Anemone;1
150;1;1;Magnolia;3
;;;Violette;1
;;;Glaieul;1
150;2;2;Rose;9
;;;Paquerette;6
;;;Mimosa;1
150;3;2;Tournesol;2
;;;Lys;8
;;;Crocus;3
151;1;1;Tournesol;1
;;;Glaieul;1
;;;Tulipe;1
;;;Paquerette;2
151;2;1;Coquelicot;3
;;;Pivoine;4
;;;Glaieul;6
;;;Anemone;3
;;;Oeillet;1
;;;Lys;1
151;3;1;Tulipe;10
152;1;1;Mimosa;9
;;;Glaieul;1
;;;Narcisse;1
152;2;1;Mimosa;3
;;;Pensee;8
;;;Marguerite;2
;;;Tiare;1
152;3;1;Glaieul;10
;;;Tiare;1
;;;Hortensia;5
152;4;4;Pensee;10
;;;Tiare;1
;;;Crocus;4
;;;Tournesol;1
153;1;1;Tiare;1
;;;Tulipe;12
;;;Anemone;2
153;2;1;Magnolia;5
153;3;4;Pivoine;2
;;;Oeillet;7
;;;Narcisse;2
;;;Tulipe;1
154;1;1;Anemone;2
;;;Paquerette;5
;;;Marguerite;2
154;2;1;Coquelicot;7
;;;Magnolia;3
;;;Paquerette;3
154;3;3;Paquerette;4
;;;Violette;11
;;;Tournesol;1
;;;Glaieul;1
;;;Chrysantheme;1
154;4;2;Glaieul;8
;;;Pensee;1
155;1;1;Pivoine;9
;;;Rose;2
;;;Pensee;1
;;;Glaieul;3
155;2;6;Tournesol;10
;;;Oeillet;2
;;;Anemone;1
156;1;1;Tulipe;5
;;;Paquerette;3
;;;Coquelicot;3
;;;Pivoine;2
;;;Rose;2
157;1;1;Marguerite;8
;;;Magnolia;2
;;;Tournesol;1
;;;Rose;4
;;;Chrysantheme;2
;;;Anemone;1
157;2;2;Anemone;6
;;;Paquerette;3
;;;Tournesol;1
;;;Chrysantheme;1
;;;Pensee;1
158;1;1;Violette;6
;;;Anemone;2
;;;Glaieul;1
158;2;3;Oeillet;7
;;;Hortensia;3
158;3;2;Paquerette;7
;;;Pivoine;4
;;;Chrysantheme;3
;;;Glaieul;1
159;1;1;Crocus;7
;;;Hortensia;4
;;;Anemone;7
;;;Tulipe;1
;;;Paquerette;1
159;2;1;Lys;1
;;;Magnolia;4
;;;Violette;8
;;;Pivoine;2
160;1;1;Magnolia;1
;;;Coquelicot;5
;;;Narcisse;1
;;;Marguerite;5
;;;Tournesol;4
160;2;5;Lys;5
;;;Hortensia;1
161;1;1;Pivoine;4
;;;Pensee;1
161;2;2;Tournesol;2
;;;Violette;3
;;;Chrysantheme;1
162;1;1;Paquerette;8
162;2;1;Narcisse;4
;;;Mimosa;13
;;;Marguerite;1
;;;Crocus;2
162;3;3;Tournesol;7
163;1;1;Hortensia;15
;;;Anemone;3
;;;Crocus;2
163;2;3;Oeillet;3
;;;Paquerette;3
;;;Chrysantheme;2
;;;Pensee;1
;;;Hortensia;1
164;1;1;Coquelicot;6
;;;Chrysantheme;2
164;2;6;Tulipe;3
;;;Oeillet;1
;;;Crocus;1
;;;Tiare;1
165;1;1;Crocus;5
;;;Paquerette;7
165;2;3;Crocus;10
;;;Coquelicot;2
;;;Glaieul;1
;;;Lys;1
165;3;1;Chrysantheme;8
;;;Mimosa;1
166;1;1;Narcisse;8
167;1;1;Tulipe;1
;;;Pivoine;3
;;;Coquelicot;1
167;2;3;Hortensia;7
;;;Pivoine;9
;;;Chrysantheme;1
;;;Magnolia;1
;;;Lys;1
168;1;1;Tiare;12
168;2;4;Marguerite;5
;;;Rose;6
;;;Oeillet;1
169;1;1;Crocus;7
;;;Glaieul;1
;;;Magnolia;2
170;1;1;Tournesol;9
;;;Mimosa;7
170;2;1;Coquelicot;1
;;;Lys;7
;;;Narcisse;1
170;3;1;Paquerette;11
;;;Lys;7
170;4;1;Lys;1
;;;Tulipe;14
;;;Paquerette;1
171;1;1;Chrysantheme;6
;;;Tulipe;1
171;2;1;Magnolia;2
;;;Tiare;3
172;1;1;Mimosa;2
;;;Rose;5
;;;Tournesol;3
;;;Anemone;1
;;;Glaieul;4
172;2;1;Lys;10
;;;Coquelicot;4
172;3;2;Violette;5
;;;Tournesol;1
;;;Narcisse;6
;;;Oeillet;2
173;1;1;Pivoine;12
;;;Oeillet;7
173;2;1;Tulipe;2
;;;Paquerette;3
;;;Pivoine;1
;;;Lys;1
174;1;1;Lys;10
;;;Tournesol;9
174;2;2;Tulipe;4
;;;Coquelicot;10
;;;Oeillet;1
174;3;4;Tournesol;3
;;;Narcisse;1
;;;Rose;7
;;;Anemone;2
;;;Hortensia;1
175;1;1;Anemone;15
;;;Mimosa;4
;;;Chrysantheme;1
175;2;1;Mimosa;3
;;;Oeillet;2
;;;Chrysantheme;13
;;;Tournesol;1
;;;Pensee;1
175;3;2;Anemone;10
;;;Hortensia;8
176;1;1;Chrysantheme;6
;;;Tulipe;1
176;2;2;Magnolia;10
177;1;1;Coquelicot;13
;;;Pivoine;2
177;2;2;Pensee;3
;;;Tournesol;1
;;;Crocus;2
;;;Rose;1
;;;Glaieul;1
;;;Tiare;1
178;1;1;Pivoine;12
;;;Lys;4
;;;Coquelicot;4
178;2;3;Glaieul;5
;;;Paquerette;4
;;;Marguerite;3
;;;Coquelicot;2
179;1;1;Narcisse;6
;;;Violette;1
;;;Glaieul;1
180;1;1;Chrysantheme;11
;;;Tiare;2
;;;Rose;4
;;;Glaieul;1
180;2;1;Pivoine;10
;;;Glaieul;4
;;;Violette;1
180;3;3;Tournesol;3
;;;Pivoine;9
;;;Chrysantheme;1
;;;Marguerite;2
;;;Tulipe;3
181;1;1;Crocus;3
;;;Paquerette;8
181;2;6;Rose;9
182;1;1;Lys;2
;;;Pensee;2
;;;Rose;3
;;;Narcisse;4
183;1;1;Anemone;13
;;;Magnolia;7
183;2;3;Oeillet;5
;;;Pivoine;3
183;3;2;Chrysantheme;1
;;;Magnolia;1
;;;Pensee;2
;;;Lys;2
184;1;1;Paquerette;4
;;;Violette;2
;;;Coquelicot;3
184;2;2;Tulipe;1
;;;Tournesol;2
;;;Mimosa;5
;;;Pensee;1
;;;Oeillet;1
184;3;3;Paquerette;3
;;;Anemone;5
;;;Violette;5
185;1;1;Anemone;3
;;;Pivoine;6
185;2;2;Rose;6
;;;Marguerite;4
;;;Hortensia;1
186;1;1;Magnolia;1
;;;Hortensia;13
;;;Chrysantheme;4
;;;Lys;1
;;;Coquelicot;1
186;2;3;Chrysantheme;8
;;;Mimosa;5
;;;Tiare;3
186;3;2;Crocus;5
;;;Magnolia;5
;;;Tiare;2
187;1;1;Pivoine;8
;;;Mimosa;10
187;2;1;Tiare;1
;;;Tulipe;2
;;;Coquelicot;5
;;;Violette;1
187;3;4;Pivoine;4
;;;Rose;9
;;;Mimosa;4
;;;Narcisse;2
188;1;1;Oeillet;1
;;;Magnolia;2
;;;Coquelicot;3
;;;Tiare;1
188;2;2;Anemone;3
;;;Chrysantheme;6
;;;Mimosa;5
;;;Coquelicot;1
;;;Glaieul;1
189;1;1;Pivoine;6
;;;Violette;1
;;;Tournesol;2
;;;Tulipe;1
189;2;5;Marguerite;3
;;;Coquelicot;2
;;;Narcisse;4
;;;Hortensia;6
;;;Anemone;2
190;1;1;Tournesol;11
;;;Coquelicot;1
;;;Pensee;1
190;2;1;Lys;11
190;3;5;Crocus;7
;;;Marguerite;1
191;1;1;Magnolia;5
;;;Hortensia;1
192;1;1;Tulipe;4
;;;Paquerette;1
;;;Magnolia;5
193;1;1;Oeillet;14
;;;Rose;4
;;;Violette;1
193;2;3;Lys;4
;;;Marguerite;1
194;1;1;Anemone;5
194;2;1;Lys;7
;;;Magnolia;1
194;3;5;Violette;11
195;1;1;Chrysantheme;4
;;;Pensee;4
;;;Oeillet;1
195;2;1;Coquelicot;13
195;3;2;Lys;4
;;;Crocus;2
195;4;2;Lys;1
;;;Narcisse;4
;;;Magnolia;1
196;1;1;Oeillet;1
;;;Coquelicot;10
196;2;1;Crocus;2
;;;Oeillet;9
196;3;1;Tournesol;3
;;;Tiare;2
196;4;3;Tiare;7
;;;Anemone;4
;;;Marguerite;2
;;;Tulipe;1
197;1;1;Magnolia;3
;;;Oeillet;2
197;2;2;Narcisse;9
;;;Marguerite;1
;;;Violette;2
;;;Pivoine;1
198;1;1;Magnolia;3
;;;Tiare;2
198;2;3;Mimosa;1
;;;Magnolia;4
;;;Narcisse;2
199;1;1;Glaieul;7
;;;Tulipe;1
;;;Crocus;3
199;2;2;Crocus;4
;;;Oeillet;5
;;;Lys;9
;;;Coquelicot;1
199;3;2;Magnolia;7
;;;Pensee;7
;;;Tiare;2
;;;Rose;3
199;4;2;Tiare;13
200;1;1;Rose;1
;;;Pensee;5
;;;Oeillet;3
200;2;3;Narcisse;7
;;;Anemone;1
201;1;1;Crocus;6
;;;Pivoine;2
;;;Pensee;1
201;2;2;Chrysantheme;10
;;;Violette;4
;;;Paquerette;2
;;;Narcisse;1
;;;Mimosa;2
;;;Lys;1
202;1;1;Marguerite;2
;;;Pensee;2
;;;Tiare;1
202;2;2;Rose;5
;;;Crocus;2
;;;Tiare;1
;;;Pensee;2
202;3;3;Oeillet;9
;;;Pensee;2
203;1;1;Violette;5
;;;Narcisse;1
;;;Coquelicot;2
203;2;1;Paquerette;16
203;3;2;Pivoine;9
204;1;1;Glaieul;8
;;;Pivoine;3
;;;Mimosa;1
204;2;3;Tiare;4
;;;Violette;1
205;1;1;Pensee;2
;;;Chrysantheme;1
;;;Tulipe;1
;;;Tiare;2
205;2;1;Narcisse;3
;;;Marguerite;4
;;;Pivoine;3
205;3;4;Chrysantheme;6
;;;Magnolia;1
;;;Oeillet;3
206;1;1;Pivoine;14
206;2;1;Oeillet;5
206;3;4;Rose;13
;;;Paquerette;4
;;;Tournesol;1
207;1;1;Glaieul;1
;;;Hortensia;2
;;;Narcisse;2
;;;Pensee;2
;;;Paquerette;3
;;;Marguerite;1
207;2;1;Anemone;2
;;;Rose;2
;;;Pensee;5
;;;Tulipe;2
;;;Hortensia;1
;;;Narcisse;1
;;;Mimosa;1
207;3;2;Marguerite;6
;;;Rose;10
;;;Paquerette;2
207;4;2;Paquerette;7
;;;Lys;3
;;;Pivoine;4
;;;Anemone;1
208;1;1;Mimosa;20
208;2;1;Anemone;2
;;;Hortensia;6
;;;Crocus;1
;;;Tulipe;1
;;;Pensee;1
208;3;1;Crocus;14
;;;Hortensia;1
208;4;2;Hortensia;16
;;;Marguerite;1
;;;Rose;2
208;5;2;Crocus;2
;;;Pivoine;5
;;;Mimosa;3
;;;Hortensia;1
;;;Tulipe;2
209;1;1;Marguerite;7
;;;Magnolia;2
209;2;2;Paquerette;4
;;;Tulipe;7
;;;Narcisse;4
;;;Pivoine;1
;;;Magnolia;1
209;3;1;Tiare;2
;;;Tournesol;2
;;;Narcisse;1
210;1;1;Violette;5
;;;Chrysantheme;4
;;;Paquerette;5
210;2;3;Chrysantheme;4
;;;Lys;1
211;1;1;Marguerite;12
;;;Glaieul;1
;;;Paquerette;5
;;;Oeillet;1
211;2;2;Marguerite;4
;;;Tournesol;2
;;;Lys;3
211;3;2;Crocus;11
;;;Glaieul;6
;;;Magnolia;1
;;;Pensee;1
212;1;1;Tournesol;1
;;;Glaieul;3
;;;Mimosa;4
;;;Chrysantheme;3
212;2;3;Mimosa;10
;;;Oeillet;2
213;1;1;Rose;8
;;;Marguerite;6
;;;Anemone;1
;;;Hortensia;1
213;2;2;Coquelicot;2
;;;Crocus;3
;;;Pensee;5
214;1;1;Crocus;15
;;;Coquelicot;1
;;;Narcisse;1
;;;Marguerite;3
214;2;2;Magnolia;2
;;;Tulipe;2
;;;Anemone;2
214;3;2;Pensee;16
;;;Violette;2
;;;Lys;2
215;1;1;Pivoine;8
;;;Magnolia;1
;;;Coquelicot;1
215;2;1;Narcisse;7
;;;Pensee;3
;;;Oeillet;6
215;3;1;Crocus;2
;;;Pivoine;10
;;;Narcisse;2
215;4;1;Rose;3
;;;Hortensia;7
;;;Violette;1
;;;Lys;1
215;5;1;Rose;6
;;;Oeillet;8
;;;Tiare;1
215;6;2;Tulipe;8
;;;Tournesol;1
;;;Pensee;1
;;;Magnolia;1
216;1;1;Pensee;8
;;;Narcisse;3
216;2;2;Coquelicot;11
;;;Hortensia;1
;;;Pensee;6
;;;Violette;2
217;1;1;Tiare;13
;;;Hortensia;2
;;;Chrysantheme;3
;;;Paquerette;1
;;;Glaieul;1
217;2;3;Chrysantheme;2
;;;Lys;3
;;;Rose;2
;;;Coquelicot;6
;;;Hortensia;1
;;;Narcisse;2
217;3;3;Narcisse;13
;;;Rose;1
;;;Mimosa;2
218;1;1;Tournesol;4
;;;Marguerite;3
;;;Crocus;1
;;;Tiare;7
;;;Pensee;3
;;;Chrysantheme;2
218;2;1;Tulipe;2
;;;Pensee;4
;;;Hortensia;4
;;;Paquerette;1
218;3;2;Violette;2
;;;Coquelicot;13
;;;Mimosa;4
219;1;1;Hortensia;11
;;;Rose;4
;;;Crocus;1
;;;Tournesol;1
;;;Oeillet;1
219;2;3;Lys;16
220;1;1;Pensee;8
;;;Chrysantheme;2
;;;Anemone;1
220;2;1;Anemone;13
;;;Rose;3
;;;Crocus;1
220;3;1;Magnolia;7
;;;Lys;1
;;;Violette;4
;;;Rose;2
221;1;1;Mimosa;2
;;;Violette;5
;;;Marguerite;3
;;;Glaieul;2
221;2;1;Lys;2
;;;Rose;7
;;;Marguerite;5
221;3;2;Coquelicot;2
;;;Crocus;1
;;;Tiare;1
;;;Mimosa;1
221;4;1;Narcisse;2
;;;Anemone;9
;;;Chrysantheme;1
221;5;2;Anemone;9
;;;Oeillet;2
;;;Rose;1
;;;Tiare;1
222;1;1;Violette;3
;;;Magnolia;1
;;;Tiare;1
222;2;3;Oeillet;10
;;;Pensee;1
;;;Tulipe;2
223;1;1;Mimosa;9
;;;Lys;5
;;;Pensee;2
223;2;2;Coquelicot;9
;;;Rose;6
;;;Chrysantheme;1
;;;Pensee;1
224;1;1;Violette;11
;;;Pensee;2
;;;Chrysantheme;7
224;2;2;Violette;2
;;;Mimosa;5
;;;Tulipe;1
;;;Oeillet;1
;;;Pensee;1
224;3;2;Violette;7
;;;Marguerite;5
224;4;2;Anemone;16
225;1;1;Pensee;9
;;;Crocus;2
225;2;1;Pivoine;4
;;;Glaieul;1
;;;Rose;1
;;;Chrysantheme;1
225;3;1;Coquelicot;3
;;;Crocus;3
;;;Magnolia;3
225;4;1;Anemone;6
;;;Chrysantheme;9
;;;Pensee;2
226;1;1;Glaieul;3
;;;Tournesol;1
;;;Crocus;1
226;2;1;Crocus;7
;;;Tulipe;1
226;3;1;Tiare;9
;;;Crocus;1
;;;Coquelicot;1
226;4;3;Oeillet;9
;;;Chrysantheme;1
;;;Lys;1
227;1;1;Mimosa;1
;;;Paquerette;2
;;;Magnolia;1
;;;Glaieul;2
228;1;1;Chrysantheme;1
;;;Anemone;7
;;;Crocus;2
228;2;3;Tulipe;13
;;;Marguerite;3
;;;Pensee;1
229;1;1;Chrysantheme;5
;;;Rose;4
;;;Pivoine;1
;;;Tournesol;1
;;;Lys;1
229;2;4;Tulipe;6
;;;Rose;4
;;;Mimosa;1
230;1;1;Magnolia;3
;;;Hortensia;1
;;;Narcisse;1
230;2;1;Hortensia;13
;;;Lys;2
;;;Marguerite;1
230;3;2;Chrysantheme;4
;;;Pivoine;6
;;;Crocus;1
231;1;1;Paquerette;1
;;;Magnolia;17
231;2;1;Mimosa;11
;;;Pensee;5
;;;Magnolia;1
231;3;1;Rose;4
;;;Oeillet;1
;;;Marguerite;1
231;4;2;Anemone;9
;;;Tiare;1
232;1;1;Violette;13
;;;Coquelicot;4
;;;Lys;1
232;2;2;Glaieul;4
;;;Marguerite;3
;;;Lys;1
233;1;1;Narcisse;16
233;2;1;Mimosa;6
;;;Marguerite;4
;;;Coquelicot;1
233;3;1;Violette;7
;;;Chrysantheme;1
;;;Rose;2
234;1;1;Pivoine;8
;;;Mimosa;7
;;;Glaieul;2
;;;Rose;2
;;;Magnolia;1
234;2;2;Mimosa;7
;;;Tiare;4
;;;Chrysantheme;4
235;1;1;Hortensia;6
;;;Tulipe;3
;;;Violette;4
;;;Pivoine;2
;;;Oeillet;1
;;;Rose;1
235;2;1;Magnolia;6
235;3;4;Crocus;11
;;;Lys;1
236;1;1;Lys;7
;;;Magnolia;1
236;2;3;Oeillet;1
;;;Glaieul;5
;;;Anemone;1
237;1;1;Coquelicot;8
;;;Tournesol;1
237;2;1;Pivoine;2
;;;Violette;4
;;;Chrysantheme;2
;;;Crocus;1
237;3;1;Violette;12
;;;Chrysantheme;4
;;;Tournesol;1
;;;Coquelicot;1
;;;Anemone;1
;;;Magnolia;1
237;4;2;Pivoine;4
;;;Marguerite;1
;;;Tournesol;3
238;1;1;Lys;14
238;2;5;Tiare;4
;;;Lys;3
;;;Marguerite;6
;;;Glaieul;1
;;;Oeillet;2
239;1;1;Oeillet;5
;;;Pensee;2
;;;Glaieul;4
;;;Narcisse;1
;;;Chrysantheme;1
239;2;2;Tulipe;11
240;1;1;Tulipe;4
;;;Tiare;10
;;;Lys;2
241;1;1;Crocus;1
;;;Pivoine;12
;;;Chrysantheme;2
;;;Mimosa;1
241;2;3;Narcisse;18
;;;Crocus;1
242;1;1;Crocus;7
;;;Magnolia;6
;;;Oeillet;1
243;1;1;Oeillet;8
;;;Magnolia;4
;;;Violette;1
;;;Tournesol;1
244;1;1;Magnolia;8
;;;Violette;2
244;2;4;Anemone;3
;;;Lys;5
;;;Tournesol;4
;;;Paquerette;1
;;;Glaieul;1
245;1;1;Crocus;2
;;;Tiare;3
;;;Narcisse;1
;;;Tulipe;1
;;;Chrysantheme;1
;;;Coquelicot;1
;;;Lys;1
245;2;1;Tulipe;1
;;;Violette;2
;;;Magnolia;1
;;;Rose;3
245;3;1;Magnolia;1
;;;Oeillet;5
;;;Chrysantheme;7
;;;Lys;1
;;;Mimosa;1
245;4;1;Anemone;4
;;;Violette;1
;;;Marguerite;2
245;5;2;Paquerette;10
;;;Mimosa;2
;;;Magnolia;5
246;1;1;Crocus;9
;;;Magnolia;4
247;1;1;Crocus;5
;;;Coquelicot;3
;;;Narcisse;2
247;2;1;Pensee;3
;;;Paquerette;8
;;;Tulipe;1
;;;Hortensia;3
247;3;4;Pensee;6
;;;Violette;1
248;1;1;Tulipe;1
;;;Anemone;6
;;;Narcisse;10
;;;Chrysantheme;3
248;2;1;Paquerette;3
;;;Narcisse;2
;;;Pensee;5
;;;Tiare;1
248;3;3;Lys;5
;;;Magnolia;3
;;;Coquelicot;3
249;1;1;Rose;3
;;;Pivoine;4
;;;Paquerette;1
;;;Magnolia;1
;;;Marguerite;5
249;2;1;Hortensia;2
;;;Narcisse;3
;;;Chrysantheme;1
249;3;2;Narcisse;1
;;;Tiare;13
;;;Glaieul;2
249;4;1;Narcisse;11
;;;Oeillet;1
;;;Magnolia;5
249;5;2;Mimosa;2
;;;Lys;7
;;;Tiare;2
;;;Magnolia;1
;;;Narcisse;1
250;1;1;Tulipe;13
;;;Hortensia;5
250;2;3;Magnolia;7
250;3;2;Anemone;4
;;;Lys;1
;;;Tiare;1
;;;Mimosa;1
251;1;1;Tournesol;2
;;;Glaieul;11
;;;Pensee;5
251;2;4;Oeillet;1
;;;Paquerette;3
;;;Tiare;2
;;;Rose;1
;;;Lys;1
251;3;2;Marguerite;2
;;;Crocus;9
;;;Pivoine;3
;;;Tulipe;1
;;;Tiare;5
252;1;1;Chrysantheme;9
;;;Hortensia;2
;;;Tournesol;1
;;;Coquelicot;1
;;;Anemone;4
;;;Pensee;1
252;2;4;Hortensia;8
;;;Narcisse;3
;;;Tulipe;2
253;1;1;Narcisse;1
;;;Anemone;13
;;;Rose;5
253;2;4;Paquerette;14
;;;Chrysantheme;1
254;1;1;Anemone;8
;;;Pensee;2
254;2;1;Tiare;5
;;;Violette;3
254;3;1;Marguerite;1
;;;Pensee;16
;;;Tulipe;1
;;;Violette;2
255;1;1;Tiare;7
;;;Tournesol;11
255;2;3;Hortensia;6
;;;Tournesol;3
;;;Rose;6
;;;Narcisse;2
256;1;1;Pensee;15
;;;Lys;1
;;;Marguerite;1
;;;Tulipe;2
256;2;1;Oeillet;4
;;;Tulipe;1
;;;Magnolia;1
257;1;1;Glaieul;1
;;;Oeillet;10
;;;Narcisse;1
;;;Marguerite;1
257;2;1;Tulipe;4
;;;Coquelicot;1
;;;Tiare;1
257;3;1;Pensee;10
;;;Lys;2
257;4;2;Chrysantheme;11
;;;Anemone;2
;;;Tournesol;1
258;1;1;Marguerite;6
;;;Glaieul;3
;;;Hortensia;1
258;2;1;Paquerette;6
258;3;3;Chrysantheme;18
259;1;1;Anemone;13
;;;Paquerette;1
259;2;1;Pensee;9
;;;Paquerette;3
259;3;1;Chrysantheme;13
;;;Coquelicot;5
259;4;1;Narcisse;5
;;;Tournesol;6
;;;Mimosa;1
;;;Paquerette;2
259;5;3;Coquelicot;5
260;1;1;Tulipe;1
;;;Tournesol;10
;;;Coquelicot;1
260;2;4;Hortensia;9
;;;Chrysantheme;2
;;;Rose;1
261;1;1;Rose;6
261;2;3;Mimosa;4
;;;Narcisse;2
;;;Oeillet;2
262;1;1;Pivoine;11
;;;Paquerette;2
;;;Glaieul;1
;;;Coquelicot;1
;;;Pensee;1
262;2;3;Pensee;1
;;;Coquelicot;12
;;;Violette;1
;;;Anemone;3
;;;Glaieul;1
;;;Lys;2
263;1;1;Hortensia;1
;;;Violette;4
;;;Magnolia;2
264;1;1;Chrysantheme;4
;;;Marguerite;1
;;;Crocus;3
;;;Tiare;2
;;;Paquerette;1
264;2;1;Hortensia;12
;;;Oeillet;3
;;;Paquerette;2
264;3;1;Hortensia;11
;;;Rose;1
264;4;3;Rose;8
;;;Tournesol;1
265;1;1;Coquelicot;1
;;;Oeillet;13
265;2;3;Hortensia;5
;;;Paquerette;1
;;;Tournesol;1
266;1;1;Tiare;9
;;;Pivoine;1
266;2;2;Tiare;5
;;;Paquerette;4
267;1;1;Tournesol;12
;;;Narcisse;1
268;1;1;Narcisse;8
;;;Oeillet;4
;;;Coquelicot;1
268;2;1;Paquerette;2
;;;Oeillet;3
;;;Chrysantheme;2
268;3;2;Pensee;16
269;1;1;Magnolia;15
;;;Paquerette;1
269;2;3;Glaieul;18
;;;Coquelicot;1
;;;Anemone;1
270;1;1;Glaieul;5
;;;Magnolia;4
;;;Tiare;1
270;2;5;Coquelicot;7
;;;Narcisse;1
;;;Paquerette;1
;;;Oeillet;1
271;1;1;Pivoine;1
;;;Mimosa;10
;;;Lys;4
;;;Paquerette;1
;;;Marguerite;1
271;2;1;Oeillet;10
;;;Marguerite;3
;;;Rose;4
271;3;5;Oeillet;11
;;;Pensee;3
;;;Paquerette;1
;;;Magnolia;1
272;1;1;Pensee;9
;;;Lys;2
;;;Violette;2
272;2;4;Paquerette;8
;;;Magnolia;1
;;;Chrysantheme;3
;;;Narcisse;3
273;1;1;Chrysantheme;1
;;;Hortensia;2
;;;Tulipe;2
;;;Pensee;3
;;;Mimosa;1
273;2;1;Coquelicot;6
;;;Pensee;6
273;3;3;Pensee;6
;;;Tournesol;2
273;4;2;Narcisse;10
;;;Tournesol;4
;;;Pivoine;2
274;1;1;Rose;12
274;2;1;Pivoine;14
;;;Oeillet;5
274;3;2;Narcisse;4
;;;Tulipe;2
274;4;1;Tiare;8
;;;Narcisse;5
;;;Paquerette;1
;;;Coquelicot;1
275;1;1;Tiare;1
;;;Pivoine;6
275;2;3;Tulipe;13
275;3;3;Chrysantheme;11
;;;Lys;1
276;1;1;Lys;4
;;;Mimosa;1
;;;Chrysantheme;9
;;;Rose;2
;;;Hortensia;1
;;;Pivoine;2
276;2;1;Narcisse;14
;;;Tiare;2
;;;Chrysantheme;1
276;3;1;Tournesol;3
;;;Chrysantheme;2
277;1;1;Paquerette;8
;;;Anemone;5
;;;Glaieul;2
;;;Marguerite;1
277;2;1;Coquelicot;4
;;;Tournesol;3
;;;Paquerette;2
;;;Violette;2
277;3;1;Hortensia;1
;;;Tournesol;5
;;;Lys;7
277;4;3;Crocus;1
;;;Coquelicot;2
;;;Mimosa;3
;;;Magnolia;1
;;;Oeillet;1
;;;Narcisse;1
;;;Lys;1
278;1;1;Violette;9
;;;Mimosa;2
;;;Pivoine;1
;;;Oeillet;2
278;2;3;Narcisse;10
;;;Lys;3
;;;Anemone;1
278;3;1;Narcisse;5
;;;Paquerette;4
;;;Crocus;5
;;;Hortensia;3
;;;Coquelicot;1
;;;Mimosa;2
278;4;2;Violette;3
;;;Magnolia;1
;;;Mimosa;1
279;1;1;Hortensia;2
;;;Mimosa;4
;;;Narcisse;2
;;;Marguerite;2
279;2;6;Tulipe;5
;;;Rose;1
;;;Anemone;1
280;1;1;Pivoine;3
;;;Tiare;1
;;;Rose;2
280;2;3;Chrysantheme;4
;;;Coquelicot;1
;;;Rose;3
280;3;3;Magnolia;1
;;;Glaieul;4
281;1;1;Lys;8
281;2;1;Pivoine;6
282;1;1;Violette;3
;;;Tournesol;6
283;1;1;Marguerite;3
;;;Mimosa;3
;;;Hortensia;1
;;;Oeillet;1
283;2;2;Hortensia;3
;;;Rose;1
;;;Tiare;1
;;;Violette;1
283;3;3;Coquelicot;8
;;;Rose;5
;;;Chrysantheme;1
284;1;1;Rose;2
;;;Pivoine;5
;;;Chrysantheme;2
284;2;2;Magnolia;3
;;;Oeillet;10
285;1;1;Mimosa;5
;;;Anemone;1
285;2;1;Rose;1
;;;Magnolia;6
;;;Pivoine;1
285;3;2;Chrysantheme;13
;;;Paquerette;1
286;1;1;Oeillet;5
;;;Mimosa;3
286;2;2;Mimosa;7
286;3;2;Narcisse;9
;;;Crocus;5
287;1;1;Lys;19
;;;Tiare;1
287;2;1;Lys;6
;;;Hortensia;11
;;;Pivoine;2
;;;Tulipe;1
287;3;1;Tulipe;15
;;;Narcisse;2
;;;Crocus;1
;;;Tournesol;1
288;1;1;Paquerette;2
;;;Glaieul;3
288;2;1;Hortensia;9
;;;Rose;2
288;3;3;Pivoine;5
;;;Tiare;2
;;;Paquerette;1
;;;Rose;1
289;1;1;Hortensia;3
;;;Chrysantheme;2
;;;Rose;3
;;;Glaieul;1
289;2;1;Marguerite;12
;;;Anemone;6
;;;Mimosa;1
;;;Magnolia;1
289;3;3;Tiare;1
;;;Hortensia;5
;;;Mimosa;3
290;1;1;Hortensia;19
;;;Glaieul;1
290;2;1;Crocus;8
290;3;3;Hortensia;1
;;;Marguerite;3
;;;Oeillet;1
291;1;1;Hortensia;10
;;;Tulipe;1
;;;Pensee;3
291;2;6;Anemone;3
;;;Pensee;1
;;;Hortensia;1
292;1;1;Tulipe;2
;;;Anemone;3
293;1;1;Marguerite;3
;;;Violette;12
;;;Chrysantheme;2
293;2;3;Marguerite;3
;;;Crocus;1
;;;Tournesol;5
294;1;1;Magnolia;4
;;;Chrysantheme;3
;;;Lys;1
;;;Mimosa;2
295;1;1;Magnolia;14
;;;Lys;2
295;2;1;Crocus;7
;;;Tulipe;2
;;;Oeillet;1
296;1;1;Lys;9
;;;Magnolia;4
;;;Anemone;1
;;;Coquelicot;1
296;2;4;Tiare;5
296;3;1;Pivoine;18
;;;Narcisse;1
297;1;1;Chrysantheme;6
298;1;1;Violette;6
;;;Glaieul;2
;;;Paquerette;4
;;;Mimosa;3
;;;Oeillet;3
298;2;2;Violette;12
;;;Pensee;2
;;;Coquelicot;1
;;;Mimosa;2
299;1;1;Magnolia;3
;;;Tiare;3
;;;Marguerite;4
299;2;2;Magnolia;5
;;;Crocus;1
;;;Coquelicot;8
;;;Glaieul;2
299;3;3;Chrysantheme;11
;;;Narcisse;4
;;;Glaieul;1
;;;Crocus;1
300;1;1;Pivoine;4
;;;Rose;2
;;;Tiare;7
;;;Magnolia;2
;;;Crocus;1
300;2;1;Hortensia;10
;;;Anemone;8
300;3;3;Coquelicot;3
;;;Magnolia;13
;;;Tournesol;1
301;1;1;Narcisse;4
;;;Hortensia;1
301;2;1;Rose;4
;;;Crocus;4
;;;Hortensia;1
301;3;2;Tiare;1
;;;Mimosa;18
;;;Marguerite;1
301;4;3;Paquerette;9
;;;Mimosa;1
;;;Violette;6
302;1;1;Oeillet;19
;;;Crocus;1
302;2;4;Crocus;6
;;;Hortensia;2
;;;Glaieul;3
;;;Mimosa;3
303;1;1;Coquelicot;1
;;;Crocus;9
303;2;1;Lys;13
;;;Pivoine;3
;;;Magnolia;1
304;1;1;Chrysantheme;4
;;;Tournesol;3
;;;Hortensia;7
;;;Tulipe;2
;;;Mimosa;1
304;2;2;Crocus;15
;;;Chrysantheme;1
305;1;1;Hortensia;2
;;;Oeillet;3
;;;Coquelicot;3
305;2;2;Tournesol;3
;;;Oeillet;7
;;;Magnolia;1
;;;Narcisse;2
;;;Violette;1
305;3;2;Tournesol;6
306;1;1;Tiare;17
;;;Oeillet;1
306;2;4;Paquerette;13
;;;Tiare;2
;;;Lys;5
307;1;1;Coquelicot;15
;;;Marguerite;1
307;2;1;Paquerette;1
;;;Hortensia;7
;;;Magnolia;4
;;;Rose;1
307;3;3;Rose;1
;;;Mimosa;6
;;;Paquerette;1
308;1;1;Hortensia;1
;;;Oeillet;5
308;2;1;Paquerette;7
;;;Mimosa;2
;;;Pensee;5
;;;Tiare;1
308;3;2;Coquelicot;5
;;;Tournesol;2
309;1;1;Rose;1
;;;Tiare;4
;;;Glaieul;1
309;2;1;Rose;2
;;;Paquerette;9
309;3;2;Hortensia;7
;;;Violette;3
310;1;1;Mimosa;6
;;;Violette;4
;;;Oeillet;1
311;1;1;Glaieul;15
;;;Narcisse;4
;;;Tulipe;1
311;2;3;Magnolia;6
312;1;1;Chrysantheme;16
;;;Glaieul;2
;;;Crocus;1
312;2;4;Chrysantheme;9
313;1;1;Paquerette;13
;;;Mimosa;2
;;;Violette;2
313;2;3;Narcisse;4
;;;Rose;1
314;1;1;Pensee;3
;;;Marguerite;1
;;;Narcisse;6
;;;Tournesol;2
314;2;6;Violette;2
;;;Tournesol;2
;;;Hortensia;1
315;1;1;Chrysantheme;12
315;2;1;Narcisse;3
;;;Hortensia;2
;;;Pivoine;5
316;1;1;Magnolia;3
;;;Crocus;2
;;;Oeillet;3
316;2;2;Lys;4
;;;Tulipe;2
;;;Crocus;6
;;;Oeillet;1
;;;Anemone;1
316;3;4;Anemone;16
;;;Pivoine;2
317;1;1;Coquelicot;10
;;;Chrysantheme;3
;;;Hortensia;3
;;;Pensee;1
;;;Marguerite;1
317;2;1;Magnolia;8
;;;Rose;3
;;;Paquerette;1
317;3;2;Crocus;2
;;;Magnolia;1
;;;Lys;2
318;1;1;Anemone;1
;;;Chrysantheme;3
;;;Oeillet;1
;;;Tournesol;1
;;;Pivoine;1
318;2;1;Hortensia;5
;;;Tiare;9
;;;Crocus;2
318;3;2;Pensee;2
;;;Narcisse;3
;;;Pivoine;3
319;1;1;Coquelicot;5
;;;Mimosa;7
;;;Pivoine;1
;;;Hortensia;1
;;;Marguerite;2
319;2;1;Lys;7
319;3;4;Pensee;2
;;;Crocus;2
;;;Hortensia;10
;;;Rose;1
;;;Tulipe;2
;;;Tiare;2
320;1;1;Coquelicot;3
;;;Pivoine;3
;;;Hortensia;4
;;;Mimosa;5
320;2;3;Tournesol;1
;;;Chrysantheme;7
;;;Crocus;1
320;3;3;Tulipe;5
;;;Lys;1
321;1;1;Tiare;17
321;2;2;Tiare;13
;;;Paquerette;1
;;;Chrysantheme;1
321;3;2;Rose;14
322;1;1;Coquelicot;6
;;;Tournesol;2
;;;Rose;1
322;2;2;Hortensia;9
;;;Mimosa;1
323;1;1;Crocus;6
;;;Lys;1
;;;Marguerite;1
;;;Tiare;1
;;;Magnolia;1
323;2;3;Tulipe;13
324;1;1;Violette;5
;;;Lys;5
;;;Glaieul;1
;;;Tulipe;2
324;2;4;Oeillet;6
;;;Mimosa;1
;;;Hortensia;1
325;1;1;Tiare;3
;;;Crocus;3
;;;Violette;3
;;;Glaieul;4
;;;Coquelicot;1
;;;Rose;1
325;2;1;Magnolia;3
;;;Chrysantheme;8
;;;Marguerite;5
;;;Violette;1
325;3;1;Pensee;3
;;;Oeillet;2
;;;Lys;1
;;;Mimosa;1
325;4;1;Chrysantheme;6
;;;Glaieul;2
;;;Pensee;2
326;1;1;Hortensia;4
;;;Tournesol;2
326;2;2;Glaieul;7
;;;Pivoine;6
;;;Magnolia;5
;;;Oeillet;1
327;1;1;Oeillet;3
;;;Glaieul;13
;;;Tulipe;2
;;;Pivoine;1
327;2;1;Tournesol;19
327;3;2;Magnolia;2
;;;Pivoine;3
;;;Marguerite;11
;;;Lys;1
;;;Crocus;2
328;1;1;Coquelicot;11
;;;Violette;1
;;;Hortensia;1
;;;Crocus;3
328;2;1;Hortensia;4
;;;Mimosa;10
;;;Crocus;3
;;;Paquerette;1
328;3;1;Coquelicot;14
;;;Glaieul;1
;;;Pensee;1
;;;Hortensia;1
328;4;2;Glaieul;3
;;;Chrysantheme;4
;;;Magnolia;1
329;1;1;Pivoine;7
;;;Lys;8
;;;Rose;2
329;2;5;Tournesol;6
;;;Magnolia;6
;;;Paquerette;7
;;;Lys;1
330;1;1;Narcisse;8
;;;Chrysantheme;1
;;;Paquerette;1
;;;Rose;2
;;;Tulipe;3
;;;Violette;1
330;2;2;Crocus;10
;;;Rose;7
;;;Coquelicot;1
;;;Oeillet;1
330;3;1;Narcisse;2
;;;Mimosa;5
;;;Violette;1
331;1;1;Rose;6
;;;Pivoine;10
;;;Anemone;2
331;2;2;Lys;5
;;;Tulipe;7
;;;Pensee;1
;;;Oeillet;2
;;;Paquerette;1
;;;Crocus;1
331;3;2;Marguerite;11
332;1;1;Marguerite;4
;;;Lys;1
;;;Violette;1
332;2;2;Rose;11
;;;Magnolia;2
332;3;1;Tournesol;12
;;;Crocus;1
;;;Glaieul;5
332;4;1;Chrysantheme;1
;;;Pivoine;6
333;1;1;Anemone;13
;;;Coquelicot;1
334;1;1;Marguerite;12
334;2;1;Magnolia;6
;;;Violette;3
;;;Narcisse;4
;;;Tournesol;1
334;3;3;Mimosa;2
;;;Rose;16
335;1;1;Crocus;5
335;2;3;Tulipe;1
;;;Oeillet;5
;;;Narcisse;3
;;;Violette;2
;;;Glaieul;1
336;1;1;Magnolia;3
;;;Glaieul;3
336;2;4;Pensee;3
;;;Tournesol;3
;;;Oeillet;4
;;;Violette;2
337;1;1;Marguerite;11
337;2;1;Tiare;5
;;;Tulipe;3
;;;Hortensia;3
;;;Crocus;2
337;3;4;Hortensia;8
;;;Paquerette;1
;;;Marguerite;1
338;1;1;Glaieul;11
;;;Oeillet;1
;;;Mimosa;2
;;;Hortensia;1
338;2;4;Pivoine;7
;;;Tiare;3
339;1;1;Tiare;13
;;;Glaieul;3
;;;Chrysantheme;1
;;;Pensee;1
339;2;3;Pensee;3
;;;Hortensia;4
340;1;1;Mimosa;5
;;;Coquelicot;3
;;;Lys;1
340;2;2;Glaieul;5
;;;Tournesol;3
341;1;1;Lys;6
;;;Crocus;4
;;;Tournesol;1
341;2;2;Mimosa;5
;;;Violette;3
;;;Crocus;5
341;3;1;Hortensia;4
;;;Tiare;5
;;;Tournesol;1
;;;Oeillet;1
342;1;1;Magnolia;6
;;;Crocus;10
;;;Lys;1
;;;Paquerette;1
;;;Chrysantheme;1
342;2;2;Pivoine;9
;;;Hortensia;9
342;3;3;Oeillet;4
;;;Pivoine;4
343;1;1;Lys;1
;;;Narcisse;6
;;;Hortensia;1
343;2;1;Rose;11
;;;Anemone;7
343;3;2;Violette;8
;;;Hortensia;2
;;;Pensee;1
;;;Tiare;1
;;;Rose;2
344;1;1;Paquerette;9
;;;Magnolia;1
;;;Lys;1
344;2;4;Tournesol;6
;;;Glaieul;1
345;1;1;Mimosa;5
;;;Paquerette;5
;;;Rose;1
345;2;2;Violette;4
;;;Pensee;1
;;;Hortensia;1
345;3;3;Rose;11
;;;Tournesol;3
346;1;1;Lys;18
;;;Tournesol;1
346;2;4;Narcisse;3
;;;Rose;6
;;;Glaieul;6
;;;Chrysantheme;1
347;1;1;Narcisse;9
;;;Glaieul;4
;;;Tiare;6
347;2;5;Narcisse;10
;;;Tiare;1
;;;Marguerite;1
348;1;1;Tournesol;8
;;;Violette;7
348;2;1;Lys;9
;;;Hortensia;4
;;;Chrysantheme;1
;;;Pensee;1
348;3;2;Rose;5
;;;Crocus;9
;;;Lys;2
;;;Mimosa;1
349;1;1;Lys;8
349;2;2;Marguerite;4
;;;Violette;6
;;;Tiare;1
;;;Mimosa;2
;;;Chrysantheme;1
350;1;1;Crocus;10
;;;Tiare;1
;;;Marguerite;1
;;;Narcisse;2
;;;Hortensia;1
350;2;1;Glaieul;1
;;;Pivoine;3
;;;Anemone;1
350;3;3;Coquelicot;3
;;;Narcisse;6
;;;Tulipe;1
;;;Hortensia;3
351;1;1;Violette;13
;;;Coquelicot;1
351;2;4;Tulipe;1
;;;Narcisse;4
352;1;1;Violette;5
352;2;5;Tiare;16
;;;Marguerite;1
;;;Coquelicot;3
353;1;1;Hortensia;6
;;;Mimosa;1
353;2;4;Chrysantheme;10
;;;Coquelicot;4
;;;Violette;2
353;3;2;Pivoine;9
;;;Anemone;3
;;;Mimosa;1
354;1;1;Rose;4
;;;Crocus;5
;;;Paquerette;7
;;;Oeillet;1
354;2;3;Mimosa;6
;;;Marguerite;1
;;;Coquelicot;1
355;1;1;Tiare;9
;;;Crocus;3
;;;Coquelicot;1
355;2;4;Anemone;4
;;;Pivoine;1
;;;Violette;1
356;1;1;Hortensia;9
;;;Magnolia;1
;;;Lys;1
;;;Tulipe;6
;;;Tournesol;1
356;2;2;Tulipe;2
;;;Narcisse;4
;;;Tiare;4
357;1;1;Oeillet;8
357;2;1;Crocus;4
;;;Pensee;4
;;;Paquerette;5
;;;Coquelicot;2
;;;Marguerite;1
357;3;2;Mimosa;7
;;;Oeillet;1
;;;Tournesol;1
357;4;1;Magnolia;2
;;;Oeillet;14
;;;Glaieul;1
;;;Crocus;1
358;1;1;Coquelicot;3
;;;Pensee;1
;;;Chrysantheme;4
;;;Crocus;4
;;;Anemone;1
;;;Tulipe;1
358;2;2;Oeillet;11
;;;Anemone;1
358;3;2;Narcisse;3
;;;Tournesol;1
;;;Paquerette;1
359;1;1;Anemone;1
;;;Marguerite;2
;;;Coquelicot;4
;;;Lys;2
;;;Tournesol;2
;;;Pensee;1
;;;Chrysantheme;1
360;1;1;Tournesol;6
;;;Paquerette;1
360;2;1;Mimosa;5
;;;Hortensia;4
;;;Tulipe;1
360;3;4;Crocus;8
;;;Coquelicot;4
;;;Magnolia;4
361;1;1;Crocus;17
;;;Marguerite;2
361;2;5;Narcisse;7
;;;Lys;1
;;;Rose;2
;;;Tulipe;3
;;;Pivoine;1
362;1;1;Tulipe;12
;;;Coquelicot;2
;;;Lys;4
363;1;1;Chrysantheme;4
;;;Pivoine;3
;;;Tiare;1
;;;Pensee;1
;;;Glaieul;1
363;2;1;Pivoine;5
;;;Glaieul;14
;;;Anemone;1
363;3;5;Tiare;11
;;;Pivoine;5
;;;Mimosa;1
364;1;1;Crocus;4
;;;Coquelicot;2
;;;Chrysantheme;2
;;;Paquerette;1
;;;Hortensia;1
364;2;5;Glaieul;7
;;;Narcisse;1
;;;Crocus;1
365;1;1;Pensee;4
;;;Paquerette;2
;;;Hortensia;1
;;;Tulipe;1
365;2;1;Glaieul;5
;;;Paquerette;7
365;3;1;Tournesol;19
365;4;2;Paquerette;17
366;1;1;Crocus;6
366;2;1;Tiare;2
;;;Crocus;4
366;3;2;Coquelicot;4
;;;Oeillet;5
366;4;1;Violette;4
;;;Narcisse;1
;;;Oeillet;2
;;;Hortensia;4
;;;Tiare;1
367;1;1;Narcisse;2
;;;Hortensia;1
;;;Chrysantheme;10
367;2;3;Lys;7
;;;Violette;2
;;;Narcisse;1
;;;Glaieul;2
368;1;1;Lys;5
;;;Tiare;8
368;2;2;Chrysantheme;8
;;;Pivoine;3
;;;Hortensia;7
;;;Tulipe;1
;;;Tiare;1
369;1;1;Narcisse;13
;;;Magnolia;1
369;2;1;Lys;1
;;;Violette;7
;;;Crocus;2
;;;Pensee;2
369;3;2;Glaieul;4
;;;Pensee;2
;;;Marguerite;2
;;;Tiare;1
;;;Magnolia;1
370;1;1;Tulipe;5
;;;Coquelicot;1
370;2;2;Anemone;1
;;;Tulipe;13
;;;Marguerite;1
;;;Coquelicot;1
;;;Glaieul;1
370;3;4;Glaieul;3
;;;Magnolia;3
371;1;1;Pivoine;3
;;;Paquerette;2
;;;Chrysantheme;2
;;;Coquelicot;1
371;2;3;Rose;6
;;;Hortensia;1
372;1;1;Chrysantheme;2
;;;Violette;8
;;;Coquelicot;5
;;;Pensee;1
372;2;2;Violette;2
;;;Pivoine;6
;;;Coquelicot;1
372;3;3;Marguerite;14
;;;Coquelicot;1
;;;Pensee;1
373;1;1;Coquelicot;1
;;;Oeillet;9
;;;Tulipe;1
373;2;1;Crocus;4
;;;Hortensia;2
373;3;1;Violette;2
;;;Chrysantheme;2
;;;Magnolia;3
373;4;1;Mimosa;5
;;;Tournesol;9
;;;Lys;1
373;5;3;Crocus;3
;;;Narcisse;6
;;;Magnolia;5
;;;Rose;1
374;1;1;Paquerette;3
;;;Oeillet;1
;;;Violette;1
374;2;4;Narcisse;16
;;;Crocus;2
374;3;1;Pensee;8
;;;Anemone;7
;;;Magnolia;5
375;1;1;Chrysantheme;9
375;2;1;Anemone;5
;;;Tiare;4
376;1;1;Tiare;7
;;;Hortensia;1
376;2;3;Crocus;16
;;;Hortensia;2
;;;Paquerette;1
376;3;2;Tulipe;7
377;1;1;Tulipe;5
;;;Narcisse;3
378;1;1;Anemone;7
;;;Lys;4
;;;Glaieul;1
;;;Paquerette;3
378;2;1;Lys;4
;;;Pivoine;1
378;3;2;Hortensia;1
;;;Paquerette;1
;;;Lys;4
;;;Magnolia;8
;;;Oeillet;2
;;;Pivoine;2
379;1;1;Hortensia;5
;;;Glaieul;9
;;;Paquerette;3
379;2;2;Paquerette;8
380;1;1;Rose;14
;;;Oeillet;1
380;2;4;Crocus;7
;;;Chrysantheme;6
381;1;1;Glaieul;2
;;;Tournesol;3
;;;Hortensia;6
381;2;3;Narcisse;2
;;;Coquelicot;1
;;;Rose;1
;;;Violette;2
382;1;1;Chrysantheme;4
;;;Rose;3
383;1;1;Anemone;7
;;;Oeillet;3
383;2;2;Chrysantheme;5
;;;Violette;4
;;;Pivoine;1
384;1;1;Coquelicot;13
384;2;2;Magnolia;1
;;;Chrysantheme;1
;;;Pensee;1
;;;Lys;4
384;3;3;Tournesol;1
;;;Narcisse;7
;;;Tulipe;4
;;;Paquerette;1
385;1;1;Pensee;7
;;;Magnolia;1
;;;Hortensia;2
385;2;2;Oeillet;10
386;1;1;Rose;9
;;;Hortensia;11
386;2;2;Lys;6
386;3;4;Chrysantheme;6
;;;Crocus;1
;;;Magnolia;5
;;;Tiare;1
387;1;1;Tulipe;2
;;;Oeillet;5
387;2;1;Crocus;10
387;3;5;Hortensia;4
;;;Narcisse;1
;;;Rose;1
388;1;1;Pivoine;7
;;;Hortensia;1
;;;Oeillet;1
;;;Marguerite;1
388;2;2;Paquerette;1
;;;Tournesol;9
;;;Hortensia;2
;;;Coquelicot;8
389;1;1;Chrysantheme;3
;;;Paquerette;7
;;;Marguerite;4
389;2;3;Chrysantheme;5
;;;Violette;4
;;;Tournesol;1
390;1;1;Coquelicot;6
;;;Mimosa;1
;;;Tournesol;1
;;;Lys;1
390;2;2;Chrysantheme;1
;;;Narcisse;2
;;;Tiare;2
391;1;1;Hortensia;4
;;;Chrysantheme;4
391;2;2;Crocus;19
392;1;1;Coquelicot;3
;;;Hortensia;1
;;;Paquerette;1
;;;Anemone;2
392;2;3;Violette;7
;;;Oeillet;1
;;;Hortensia;4
;;;Crocus;1
393;1;1;Mimosa;3
;;;Narcisse;1
;;;Pensee;5
;;;Coquelicot;1
393;2;1;Tournesol;17
393;3;1;Tulipe;7
;;;Pensee;1
394;1;1;Coquelicot;2
;;;Tournesol;4
;;;Mimosa;1
394;2;1;Magnolia;3
;;;Oeillet;3
;;;Tiare;2
;;;Tournesol;1
395;1;1;Mimosa;2
;;;Violette;6
395;2;1;Pivoine;5
;;;Tournesol;3
;;;Tulipe;5
;;;Lys;3
396;1;1;Glaieul;1
;;;Tulipe;6
;;;Pivoine;1
396;2;3;Mimosa;18
;;;Coquelicot;2
397;1;1;Crocus;17
397;2;1;Violette;19
;;;Coquelicot;1
397;3;2;Pivoine;3
;;;Coquelicot;2
397;4;3;Coquelicot;4
;;;Mimosa;2
;;;Tulipe;1
398;1;1;Crocus;3
;;;Narcisse;1
;;;Tiare;2
399;1;1;Paquerette;6
;;;Tulipe;1
;;;Lys;2
399;2;1;Chrysantheme;10
;;;Rose;2
;;;Mimosa;1
399;3;1;Coquelicot;2
;;;Mimosa;14
399;4;3;Magnolia;2
;;;Tulipe;6
400;1;1;Coquelicot;2
;;;Rose;1
;;;Tulipe;6
;;;Glaieul;4
;;;Narcisse;2
;;;Oeillet;5
400;2;3;Chrysantheme;5
;;;Oeillet;1
;;;Paquerette;1
401;1;1;Crocus;4
;;;Hortensia;1
;;;Oeillet;1
401;2;2;Magnolia;13
;;;Anemone;7
402;1;1;Rose;3
;;;Marguerite;1
;;;Tiare;1
;;;Hortensia;1
403;1;1;Oeillet;15
403;2;1;Glaieul;13
;;;Violette;2
;;;Hortensia;1
403;3;4;Marguerite;3
;;;Tulipe;2
;;;Lys;3
;;;Glaieul;2
404;1;1;Coquelicot;4
;;;Pivoine;3
;;;Tiare;2
;;;Tulipe;3
404;2;1;Marguerite;7
;;;Tulipe;2
404;3;1;Glaieul;6
;;;Crocus;1
;;;Anemone;1
404;4;4;Magnolia;4
;;;Lys;7
;;;Tournesol;2
;;;Marguerite;1
405;1;1;Oeillet;7
;;;Marguerite;3
;;;Hortensia;1
;;;Glaieul;1
;;;Tiare;1
;;;Crocus;1
405;2;1;Mimosa;4
;;;Oeillet;4
;;;Hortensia;7
;;;Crocus;1
;;;Lys;2
405;3;3;Narcisse;6
;;;Pivoine;7
;;;Tiare;1
;;;Violette;3
406;1;1;Paquerette;9
406;2;4;Violette;12
;;;Glaieul;1
;;;Magnolia;5
;;;Paquerette;1
;;;Pivoine;1
407;1;1;Tiare;1
;;;Rose;3
;;;Tulipe;1
;;;Tournesol;1
407;2;3;Hortensia;7
;;;Mimosa;1
;;;Narcisse;9
408;1;1;Chrysantheme;7
408;2;3;Mimosa;15
;;;Tournesol;1
409;1;1;Pensee;6
;;;Lys;1
;;;Oeillet;1
;;;Rose;1
409;2;1;Lys;10
;;;Crocus;1
;;;Marguerite;2
;;;Tulipe;1
;;;Oeillet;1
409;3;3;Glaieul;9
;;;Rose;9
;;;Coquelicot;1
410;1;1;Lys;4
;;;Glaieul;1
;;;Oeillet;15
410;2;1;Lys;10
;;;Pivoine;4
;;;Rose;1
;;;Crocus;1
;;;Chrysantheme;3
410;3;1;Mimosa;12
;;;Tiare;1
410;4;3;Lys;15
;;;Chrysantheme;1
;;;Anemone;1
;;;Tulipe;1
;;;Glaieul;1
;;;Tournesol;1
411;1;1;Tournesol;1
;;;Glaieul;4
;;;Pensee;2
411;2;1;Coquelicot;10
;;;Magnolia;5
;;;Marguerite;1
;;;Hortensia;1
411;3;1;Tulipe;9
;;;Hortensia;1
;;;Rose;2
411;4;1;Magnolia;5
;;;Mimosa;6
;;;Paquerette;1
;;;Hortensia;6
411;5;2;Violette;8
412;1;1;Coquelicot;5
;;;Tiare;10
;;;Glaieul;1
;;;Lys;1
412;2;2;Magnolia;8
;;;Mimosa;1
412;3;2;Lys;1
;;;Crocus;13
;;;Narcisse;2
;;;Pensee;1
412;4;1;Tulipe;3
;;;Tournesol;1
;;;Coquelicot;11
;;;Tiare;1
413;1;1;Paquerette;13
;;;Tiare;6
413;2;1;Tiare;12
;;;Coquelicot;1
413;3;3;Tiare;1
;;;Tournesol;9
414;1;1;Paquerette;8
;;;Violette;2
415;1;1;Crocus;7
;;;Tournesol;5
;;;Lys;2
415;2;2;Hortensia;3
;;;Chrysantheme;10
;;;Violette;1
416;1;1;Pivoine;3
;;;Chrysantheme;5
;;;Glaieul;3
416;2;6;Hortensia;17
;;;Glaieul;2
;;;Oeillet;1
417;1;1;Paquerette;1
;;;Tiare;2
;;;Pivoine;1
;;;Pensee;1
417;2;6;Glaieul;6
418;1;1;Violette;7
;;;Coquelicot;4
418;2;1;Lys;6
;;;Crocus;1
;;;Rose;1
418;3;2;Pensee;6
;;;Oeillet;4
;;;Hortensia;2
;;;Chrysantheme;1
419;1;1;Magnolia;1
;;;Lys;4
;;;Pensee;3
419;2;2;Mimosa;5
;;;Hortensia;1
420;1;1;Narcisse;3
;;;Tulipe;2
420;2;4;Pensee;8
;;;Rose;2
421;1;1;Chrysantheme;5
;;;Rose;1
;;;Lys;2
;;;Tiare;2
;;;Mimosa;2
421;2;2;Marguerite;3
;;;Lys;3
;;;Rose;7
;;;Crocus;1
421;3;3;Violette;3
;;;Magnolia;8
;;;Lys;6
;;;Crocus;1
;;;Mimosa;2
422;1;1;Hortensia;5
422;2;1;Tulipe;16
;;;Tiare;1
;;;Coquelicot;1
423;1;1;Narcisse;13
;;;Rose;1
;;;Hortensia;3
;;;Marguerite;1
423;2;3;Violette;15
;;;Chrysantheme;1
;;;Narcisse;2
;;;Tiare;1
;;;Tulipe;1
423;3;3;Lys;6
424;1;1;Marguerite;8
;;;Anemone;3
;;;Pivoine;2
;;;Rose;1
424;2;3;Tiare;8
;;;Tulipe;1
;;;Lys;3
;;;Pensee;1
425;1;1;Hortensia;4
;;;Tournesol;1
;;;Chrysantheme;2
426;1;1;Tulipe;2
;;;Paquerette;2
;;;Magnolia;2
426;2;2;Rose;18
;;;Oeillet;1
426;3;2;Violette;19
426;4;2;Tournesol;20
427;1;1;Glaieul;7
;;;Marguerite;2
;;;Rose;2
;;;Magnolia;4
;;;Tiare;3
;;;Tournesol;1
427;2;1;Marguerite;2
;;;Tulipe;1
;;;Tiare;1
;;;Pensee;2
428;1;1;Narcisse;4
;;;Rose;1
;;;Tiare;1
428;2;2;Rose;4
;;;Marguerite;4
;;;Tulipe;5
;;;Paquerette;1
429;1;1;Violette;8
;;;Pensee;7
;;;Glaieul;2
429;2;1;Anemone;8
;;;Tulipe;7
429;3;1;Paquerette;10
;;;Pivoine;1
;;;Pensee;2
;;;Chrysantheme;1
430;1;1;Crocus;3
;;;Lys;2
;;;Hortensia;1
431;1;1;Lys;8
;;;Rose;1
;;;Pensee;1
;;;Chrysantheme;1
431;2;3;Tulipe;2
;;;Rose;8
432;1;1;Tournesol;13
432;2;2;Tournesol;9
;;;Paquerette;1
433;1;1;Narcisse;15
433;2;1;Tulipe;2
;;;Pensee;6
;;;Magnolia;1
;;;Marguerite;1
433;3;5;Pivoine;4
;;;Rose;3
;;;Lys;1
434;1;1;Anemone;10
;;;Marguerite;1
434;2;2;Narcisse;1
;;;Glaieul;2
;;;Chrysantheme;3
434;3;1;Marguerite;6
;;;Pensee;8
;;;Glaieul;2
;;;Oeillet;2
434;4;2;Violette;16
435;1;1;Anemone;14
;;;Glaieul;3
435;2;1;Rose;5
;;;Coquelicot;3
;;;Tiare;1
;;;Chrysantheme;1
436;1;1;Mimosa;2
;;;Violette;1
;;;Tiare;2
;;;Paquerette;1
436;2;1;Crocus;13
436;3;3;Crocus;9
;;;Paquerette;3
;;;Anemone;3
;;;Rose;1
436;4;2;Oeillet;4
;;;Glaieul;4
;;;Tulipe;2
;;;Crocus;2
;;;Mimosa;1
437;1;1;Narcisse;6
;;;Violette;1
437;2;2;Oeillet;4
;;;Tulipe;2
;;;Narcisse;1
437;3;1;Rose;2
;;;Glaieul;4
437;4;1;Marguerite;2
;;;Anemone;1
;;;Magnolia;2
437;5;2;Marguerite;10
;;;Pivoine;4
438;1;1;Rose;11
;;;Anemone;1
;;;Lys;5
;;;Tulipe;1
438;2;2;Coquelicot;11
;;;Pivoine;2
438;3;1;Mimosa;4
;;;Glaieul;12
;;;Lys;1
438;4;2;Coquelicot;4
;;;Crocus;1
439;1;1;Pivoine;10
;;;Magnolia;2
439;2;3;Violette;18
;;;Pivoine;1
;;;Marguerite;1
439;3;3;Tulipe;4
;;;Pensee;1
;;;Coquelicot;1
;;;Tournesol;3
;;;Crocus;2
440;1;1;Mimosa;8
;;;Tulipe;6
;;;Rose;1
;;;Tournesol;1
440;2;6;Narcisse;2
;;;Coquelicot;7
;;;Tiare;2
;;;Tulipe;1
;;;Pensee;1
441;1;1;Pensee;2
;;;Magnolia;18
441;2;1;Chrysantheme;1
;;;Mimosa;5
441;3;2;Narcisse;2
;;;Violette;14
;;;Magnolia;1
442;1;1;Marguerite;8
;;;Pivoine;1
;;;Tiare;2
;;;Violette;4
;;;Oeillet;4
442;2;3;Anemone;5
;;;Marguerite;3
;;;Tulipe;1
443;1;1;Rose;1
;;;Pensee;5
;;;Chrysantheme;1
443;2;1;Lys;6
;;;Narcisse;8
;;;Tiare;1
;;;Glaieul;4
443;3;1;Pivoine;7
;;;Chrysantheme;8
;;;Tulipe;1
443;4;2;Marguerite;12
;;;Tulipe;7
;;;Anemone;1
444;1;1;Tiare;2
;;;Chrysantheme;4
;;;Glaieul;9
;;;Violette;1
;;;Oeillet;3
;;;Narcisse;1
444;2;1;Paquerette;6
;;;Oeillet;2
;;;Chrysantheme;1
444;3;4;Crocus;4
;;;Lys;2
;;;Pensee;1
;;;Hortensia;3
445;1;1;Glaieul;4
;;;Rose;1
;;;Narcisse;2
445;2;3;Tulipe;1
;;;Glaieul;1
;;;Tournesol;1
;;;Lys;3
445;3;1;Coquelicot;4
;;;Glaieul;1
;;;Magnolia;5
;;;Anemone;9
445;4;2;Violette;2
;;;Pivoine;12
;;;Tulipe;1
;;;Glaieul;2
;;;Tiare;1
446;1;1;Mimosa;7
;;;Rose;3
;;;Oeillet;3
;;;Tiare;1
446;2;2;Hortensia;5
;;;Oeillet;1
446;3;2;Pensee;8
;;;Tournesol;1
;;;Narcisse;1
447;1;1;Paquerette;16
;;;Chrysantheme;1
;;;Anemone;3
447;2;2;Tulipe;3
;;;Mimosa;1
;;;Anemone;4
448;1;1;Glaieul;9
;;;Crocus;1
449;1;1;Glaieul;6
;;;Rose;1
449;2;2;Chrysantheme;11
;;;Coquelicot;6
;;;Glaieul;2
450;1;1;Oeillet;1
;;;Pivoine;6
450;2;2;Pensee;5
;;;Violette;9
;;;Tiare;1
;;;Rose;1
451;1;1;Marguerite;18
451;2;1;Marguerite;9
;;;Oeillet;3
451;3;2;Paquerette;4
;;;Crocus;2
452;1;1;Lys;5
452;2;1;Chrysantheme;5
;;;Hortensia;6
;;;Tulipe;1
;;;Pivoine;2
;;;Pensee;2
452;3;2;Tiare;12
;;;Tulipe;4
453;1;1;Coquelicot;7
;;;Violette;4
453;2;2;Lys;2
;;;Tulipe;1
;;;Glaieul;1
;;;Pensee;5
;;;Crocus;6
454;1;1;Crocus;10
;;;Pensee;1
454;2;1;Pensee;11
;;;Narcisse;2
;;;Rose;6
454;3;2;Pensee;3
;;;Crocus;2
455;1;1;Anemone;11
;;;Rose;3
;;;Tiare;1
;;;Pensee;2
455;2;3;Pivoine;10
;;;Oeillet;8
455;3;2;Narcisse;9
;;;Pivoine;2
;;;Rose;3
;;;Paquerette;4
;;;Pensee;2
456;1;1;Tournesol;2
;;;Hortensia;14
;;;Coquelicot;2
;;;Anemone;2
456;2;2;Mimosa;13
;;;Tournesol;1
456;3;2;Tournesol;6
457;1;1;Narcisse;1
;;;Tournesol;5
;;;Hortensia;1
458;1;1;Marguerite;5
;;;Tournesol;6
458;2;4;Lys;17
459;1;1;Narcisse;2
;;;Coquelicot;3
;;;Rose;6
;;;Lys;2
;;;Chrysantheme;1
;;;Violette;1
459;2;2;Coquelicot;11
;;;Violette;7
460;1;1;Crocus;11
;;;Chrysantheme;1
;;;Rose;1
460;2;2;Crocus;3
;;;Paquerette;2
;;;Pensee;1
;;;Magnolia;4
460;3;1;Anemone;12
;;;Rose;1
460;4;2;Mimosa;3
;;;Crocus;4
;;;Violette;5
;;;Tulipe;2
;;;Marguerite;1
;;;Tiare;2
461;1;1;Pensee;12
;;;Glaieul;2
;;;Tournesol;2
461;2;2;Marguerite;5
461;3;2;Chrysantheme;8
;;;Tournesol;3
462;1;1;Oeillet;3
;;;Marguerite;5
;;;Tulipe;1
462;2;3;Mimosa;8
;;;Chrysantheme;1
;;;Violette;1
463;1;1;Hortensia;11
463;2;2;Tournesol;8
;;;Hortensia;3
;;;Rose;2
;;;Tiare;1
;;;Marguerite;1
464;1;1;Rose;17
;;;Narcisse;1
464;2;1;Chrysantheme;9
;;;Tulipe;2
464;3;2;Narcisse;10
;;;Marguerite;1
465;1;1;Tiare;8
;;;Narcisse;3
465;2;2;Rose;7
;;;Narcisse;1
;;;Mimosa;1
465;3;1;Marguerite;1
;;;Magnolia;10
;;;Tournesol;1
465;4;2;Violette;3
;;;Marguerite;5
;;;Glaieul;7
;;;Hortensia;1
466;1;1;Paquerette;7
;;;Tulipe;2
466;2;2;Paquerette;5
;;;Pensee;2
466;3;3;Pensee;1
;;;Crocus;3
;;;Magnolia;2
;;;Anemone;4
;;;Violette;3
467;1;1;Lys;2
;;;Rose;1
;;;Chrysantheme;1
;;;Paquerette;4
;;;Marguerite;1
467;2;3;Coquelicot;10
;;;Marguerite;4
;;;Tiare;5
468;1;1;Chrysantheme;7
;;;Violette;2
468;2;2;Rose;14
469;1;1;Narcisse;3
;;;Mimosa;2
;;;Violette;2
;;;Pivoine;1
469;2;2;Chrysantheme;6
;;;Magnolia;1
469;3;2;Oeillet;2
;;;Hortensia;2
;;;Magnolia;1
470;1;1;Crocus;14
470;2;1;Narcisse;8
;;;Tournesol;1
;;;Hortensia;3
;;;Pivoine;2
;;;Chrysantheme;2
470;3;2;Coquelicot;3
;;;Paquerette;9
;;;Tiare;1
;;;Crocus;1
471;1;1;Tournesol;8
;;;Rose;2
472;1;1;Crocus;7
;;;Tulipe;4
472;2;5;Oeillet;16
473;1;1;Rose;4
;;;Mimosa;2
;;;Coquelicot;2
;;;Pensee;1
473;2;2;Oeillet;6
;;;Pivoine;1
473;3;1;Tiare;4
;;;Pivoine;8
;;;Crocus;1
;;;Violette;1
;;;Chrysantheme;1
473;4;2;Coquelicot;11
474;1;1;Crocus;15
;;;Hortensia;1
474;2;5;Narcisse;1
;;;Lys;9
;;;Marguerite;4
;;;Pivoine;1
;;;Tiare;1
475;1;1;Tournesol;3
;;;Lys;4
;;;Chrysantheme;1
;;;Oeillet;3
;;;Violette;2
475;2;1;Marguerite;8
;;;Magnolia;2
;;;Lys;8
475;3;4;Crocus;6
;;;Coquelicot;8
;;;Mimosa;3
;;;Tiare;1
476;1;1;Anemone;11
;;;Marguerite;1
476;2;2;Rose;9
;;;Lys;3
;;;Tournesol;1
477;1;1;Paquerette;4
;;;Pivoine;5
;;;Narcisse;3
478;1;1;Hortensia;8
;;;Narcisse;3
;;;Oeillet;2
478;2;2;Coquelicot;2
;;;Mimosa;10
478;3;2;Paquerette;6
;;;Mimosa;8
479;1;1;Pivoine;14
;;;Rose;1
;;;Paquerette;2
;;;Chrysantheme;1
479;2;4;Mimosa;4
;;;Glaieul;4
;;;Crocus;3
;;;Narcisse;5
480;1;1;Glaieul;4
;;;Violette;1
;;;Pensee;3
;;;Crocus;1
480;2;3;Magnolia;6
;;;Tournesol;2
;;;Oeillet;1
481;1;1;Anemone;11
;;;Lys;7
;;;Paquerette;1
481;2;3;Marguerite;3
;;;Paquerette;1
;;;Mimosa;1
481;3;3;Tournesol;10
;;;Oeillet;2
482;1;1;Tournesol;8
;;;Violette;5
482;2;4;Tiare;4
;;;Narcisse;3
;;;Oeillet;1
;;;Mimosa;1
483;1;1;Marguerite;10
;;;Tournesol;3
483;2;1;Narcisse;6
;;;Mimosa;5
;;;Marguerite;1
483;3;5;Magnolia;3
;;;Tiare;2
484;1;1;Chrysantheme;5
;;;Coquelicot;7
;;;Tiare;1
;;;Pensee;1
484;2;2;Coquelicot;4
;;;Tiare;3
;;;Oeillet;6
;;;Rose;7
485;1;1;Glaieul;4
;;;Lys;1
485;2;6;Oeillet;6
;;;Chrysantheme;2
;;;Violette;4
;;;Glaieul;1
;;;Narcisse;1
;;;Anemone;2
;;;Marguerite;1
486;1;1;Glaieul;11
;;;Magnolia;4
;;;Marguerite;1
486;2;1;Tournesol;12
;;;Marguerite;1
486;3;2;Glaieul;3
;;;Rose;1
;;;Tournesol;3
486;4;2;Pivoine;4
;;;Coquelicot;1
487;1;1;Crocus;9
;;;Narcisse;3
;;;Violette;2
487;2;2;Pensee;2
;;;Violette;2
;;;Magnolia;2
;;;Narcisse;2
487;3;3;Oeillet;11
;;;Pivoine;5
;;;Tournesol;1
;;;Glaieul;3
488;1;1;Tulipe;2
;;;Tournesol;1
;;;Narcisse;3
488;2;2;Rose;8
;;;Chrysantheme;1
489;1;1;Glaieul;6
;;;Violette;1
;;;Hortensia;8
489;2;2;Pivoine;1
;;;Pensee;11
;;;Mimosa;1
;;;Narcisse;1
;;;Tournesol;2
;;;Rose;1
490;1;1;Narcisse;11
490;2;1;Anemone;5
;;;Oeillet;4
;;;Paquerette;8
;;;Rose;3
490;3;3;Lys;7
;;;Marguerite;2
491;1;1;Marguerite;2
;;;Paquerette;12
;;;Hortensia;3
491;2;2;Coquelicot;10
;;;Narcisse;1
492;1;1;Mimosa;15
;;;Tournesol;1
;;;Rose;3
492;2;1;Hortensia;2
;;;Rose;3
492;3;2;Mimosa;5
;;;Chrysantheme;1
;;;Anemone;6
;;;Rose;2
;;;Violette;1
;;;Pensee;2
;;;Tournesol;1
493;1;1;Mimosa;14
493;2;1;Pensee;2
;;;Marguerite;2
;;;Paquerette;2
;;;Tulipe;1
493;3;2;Pensee;3
;;;Tournesol;2
;;;Pivoine;3
494;1;1;Narcisse;2
;;;Coquelicot;1
;;;Paquerette;1
;;;Rose;1
494;2;3;Glaieul;1
;;;Coquelicot;3
;;;Rose;3
;;;Crocus;1
495;1;1;Rose;4
;;;Glaieul;1
495;2;3;Marguerite;2
;;;Narcisse;2
;;;Chrysantheme;1
;;;Anemone;1
496;1;1;Oeillet;2
;;;Violette;4
;;;Crocus;1
;;;Narcisse;2
;;;Glaieul;1
;;;Lys;1
496;2;1;Crocus;5
;;;Paquerette;7
;;;Mimosa;5
496;3;1;Paquerette;7
;;;Magnolia;2
;;;Tulipe;1
496;4;2;Crocus;11
;;;Chrysantheme;5
;;;Mimosa;3
;;;Tulipe;1
497;1;1;Anemone;7
497;2;1;Hortensia;7
;;;Paquerette;4
;;;Magnolia;1
;;;Tournesol;1
498;1;1;Chrysantheme;3
;;;Marguerite;5
498;2;1;Lys;16
;;;Oeillet;3
498;3;2;Oeillet;7
;;;Magnolia;3
498;4;2;Glaieul;4
;;;Pensee;1
;;;Pivoine;3
499;1;1;Mimosa;6
;;;Tournesol;1
;;;Hortensia;1
499;2;1;Marguerite;5
;;;Anemone;5
;;;Crocus;2
;;;Chrysantheme;1
;;;Narcisse;1
;;;Glaieul;1
500;1;1;Anemone;1
;;;Crocus;8
;;;Mimosa;1
;;;Tiare;5
;;;Hortensia;2
;;;Tournesol;1
500;2;2;Hortensia;4
;;;Glaieul;5
;;;Crocus;1
